rank,source,noise_std,true_thickness_nm,true_n,true_k,nn_thickness_nm,nn_n,nn_k,refined_thickness_nm,refined_n,refined_k,nn_abs_d,nn_abs_n,nn_abs_k,ref_abs_d,ref_abs_n,ref_abs_k,nn_norm_error,ref_norm_error,nn_spectral_mae,ref_spectral_mae,ci95_d,ci95_n,ci95_k,fringe_count_est,refiner_improvement_pct,refiner_iterations,refiner_success,failure_reason
1,synthetic,0.0,146.59018,1.3059558,0.05371928,100.95497,2.3787227,0.36845425,84.174385,2.3822753,0.43915522,45.63521,1.0727669,0.31473497,62.415794,1.0763196,0.38543594,0.5602684,0.62767726,0.036630098,0.0019703566,23.937998,0.11347654,0.06831625,0.4786007,99.61902726032817,60,True,"low fringe count; NN n error; good spectrum, bad parameters"
2,synthetic,0.0,172.60359,1.3064988,0.055780627,98.28147,2.3577428,0.36439192,97.45355,2.3897262,0.40597323,74.32212,1.051244,0.3086113,75.15004,1.0832274,0.3501926,0.58318084,0.6207376,0.004977411,0.0012305577,20.774734,0.11963431,0.076392934,0.56376594,93.5602803471269,60,True,"NN n error; good spectrum, bad parameters"
3,synthetic,0.0,137.14375,1.3395922,0.059462298,104.56963,2.1585205,0.28379408,83.52934,2.3041773,0.41915318,32.57412,0.81892824,0.22433178,53.61441,0.96458507,0.35969087,0.41447607,0.56935996,0.034258842,0.0023250412,21.436321,0.5565052,0.13061477,0.45929176,99.30506376465895,60,True,low fringe count; NN n error; refiner worsened parameter error
4,synthetic,0.0,136.52818,1.3524033,0.051741526,95.424034,2.1661692,0.24577475,81.2299,2.3738875,0.36810318,41.10415,0.8137659,0.19403322,55.298286,1.0214843,0.31636167,0.4026477,0.5582146,0.024733806,0.002213268,31.989084,0.57840675,0.1263383,0.4616029,99.04087430237428,60,True,low fringe count; NN n error; refiner worsened parameter error
5,synthetic,0.0,150.10576,1.3007344,0.087979995,103.1396,2.0983036,0.44560915,91.90332,2.1347187,0.474585,46.966156,0.79756916,0.35762915,58.20244,0.83398426,0.386605,0.5139505,0.5562983,0.01608812,0.00045235734,21.825617,0.10520181,0.028356573,0.4881193,99.89820636160447,60,True,"low fringe count; NN n error; good spectrum, bad parameters"
6,synthetic,0.0,167.59084,1.3248714,0.0802589,109.55078,2.0752823,0.39430395,103.52265,2.1841054,0.43045878,58.040054,0.7504109,0.31404504,64.068184,0.859234,0.35019988,0.48452353,0.5457843,0.013683392,0.0011076166,22.25706,0.07631154,0.051426843,0.5550908,98.80819636223768,60,True,"NN n error; good spectrum, bad parameters"
7,synthetic,0.0,128.01006,1.3307498,0.06816556,89.627686,2.0746195,0.31099364,76.15299,2.2831755,0.4004259,38.38237,0.7438698,0.24282807,51.857063,0.9524257,0.33226034,0.41263354,0.5456754,0.029906398,0.0005897192,31.19724,0.4387593,0.14207532,0.42587337,99.96454175244638,60,True,"low fringe count; NN n error; refiner worsened parameter error; good spectrum, bad parameters"
8,synthetic,0.0,130.61655,1.3187215,0.07814269,90.19741,2.0022886,0.37131095,79.09196,2.2101338,0.43339217,40.419136,0.68356705,0.29316825,51.52459,0.89141226,0.35524946,0.431784,0.54367113,0.030059349,0.00062615395,27.96191,0.2676698,0.10570246,0.43061712,99.95074414354373,60,True,"low fringe count; NN n error; refiner worsened parameter error; good spectrum, bad parameters"
9,synthetic,0.0,161.59593,1.3031394,0.09337177,107.42595,2.0125873,0.43929374,100.84155,2.0941958,0.47265866,54.169983,0.70944786,0.34592196,60.75438,0.7910564,0.3792869,0.48994783,0.54242843,0.008646177,0.00063421467,22.693285,0.075806566,0.033253163,0.52645504,99.12872541277953,60,True,"NN n error; good spectrum, bad parameters"
10,synthetic,0.0,139.99443,1.3858294,0.04280156,92.69777,2.1855445,0.15132739,86.4763,2.3816676,0.31109402,47.29666,0.79971504,0.10852583,53.518127,0.99583817,0.26829246,0.3488576,0.51699847,0.025000757,0.004150776,23.887993,0.3879937,0.08620661,0.485021,96.60847697374808,60,True,low fringe count; NN n error; refiner worsened parameter error
11,synthetic,0.0,277.22525,1.3256387,0.022708658,152.02585,2.4394727,0.11190162,151.90872,2.4234385,0.12244839,125.1994,1.113834,0.08919296,125.31653,1.0977999,0.09973973,0.5127676,0.5154795,0.004840724,0.0014511985,7.8114476,0.08449948,0.052892514,0.9187513,91.11014713659466,60,True,"NN n error; good spectrum, bad parameters"
12,synthetic,0.0,170.65747,1.308609,0.10111811,123.91097,1.8763969,0.3922625,110.91641,2.0286021,0.47049528,46.7465,0.5677879,0.29114437,59.74106,0.7199931,0.36937717,0.4055467,0.51491743,0.015546377,0.0012148379,19.426003,0.2347527,0.04938988,0.55830973,98.71079508726935,60,True,"NN n error; refiner worsened parameter error; good spectrum, bad parameters"
13,synthetic,0.0,89.36235,1.4337829,0.022582222,59.506565,1.998301,0.19745328,60.24232,2.3382382,0.36563733,29.855785,0.5645181,0.17487106,29.12003,0.9044553,0.3430551,0.30770826,0.5134123,0.03035239,0.001306891,27.75574,0.3595605,0.085022606,0.32031554,99.87098591634523,60,True,"low fringe count; NN n error; refiner worsened parameter error; good spectrum, bad parameters"
14,synthetic,0.0,131.55038,1.3450192,0.07428622,90.310005,2.0868301,0.29641324,79.273865,2.2527914,0.37419575,41.24038,0.7418109,0.22212702,52.27652,0.9077722,0.29990953,0.401546,0.5121866,0.023231378,0.0004942922,28.28411,0.3858696,0.12402022,0.44234446,99.95396546960508,60,True,"low fringe count; NN n error; refiner worsened parameter error; good spectrum, bad parameters"
15,synthetic,0.0,135.66133,1.3566842,0.041267123,117.20474,1.9170789,0.115606144,92.33116,2.269205,0.35454783,18.456589,0.56039464,0.07433902,43.33017,0.9125209,0.3132807,0.226439,0.51213664,0.045151494,0.013010192,27.651197,0.74062663,0.13003969,0.46012396,89.80872902145013,60,True,low fringe count; NN n error; refiner worsened parameter error
16,synthetic,0.0,117.52498,1.3622892,0.06410062,84.84165,2.0523372,0.23798752,71.42299,2.2961094,0.35791498,32.683327,0.690048,0.1738869,46.10199,0.93382025,0.29381436,0.3451716,0.5082615,0.039012365,0.0009281343,40.271355,0.46265164,0.11105714,0.40025753,99.93019353022592,60,True,"low fringe count; NN n error; refiner worsened parameter error; good spectrum, bad parameters"
17,synthetic,0.0,296.17084,1.3338217,0.027164452,169.05125,2.2814243,0.1357361,169.14798,2.336578,0.13370493,127.11958,0.9476026,0.10857164,127.02286,1.0027562,0.10654048,0.4817185,0.49557367,0.012570858,0.0008046928,13.058917,0.13574943,0.04111846,0.98759764,99.4753938830698,60,True,"NN n error; good spectrum, bad parameters"
18,synthetic,0.0,115.36547,1.4229931,0.032864526,82.002975,2.261486,0.15167756,72.8907,2.401369,0.2855319,33.362495,0.838493,0.11881304,42.47477,0.97837603,0.25266737,0.3504711,0.4890376,0.03359744,0.0028413385,26.368536,0.47009802,0.077646255,0.41041064,98.95734955675111,60,True,low fringe count; NN n error; refiner worsened parameter error
19,synthetic,0.0,127.96602,1.4125565,0.043720085,95.38259,2.085679,0.12614699,79.78409,2.3744392,0.28725207,32.583427,0.6731225,0.082426906,48.18193,0.9618827,0.24353199,0.27938196,0.48492584,0.03435756,0.003024544,23.458233,0.71420205,0.09547334,0.45189807,98.95779957022037,60,True,low fringe count; NN n error; refiner worsened parameter error
20,synthetic,0.0,95.26129,1.4510064,0.018563887,74.95957,2.2204854,0.1656856,62.191864,2.3912263,0.28586093,20.30172,0.76947904,0.14712171,33.069427,0.9402199,0.26729703,0.3351606,0.47738102,0.0494937,0.0014263812,20.433647,0.39869848,0.079613954,0.34556186,99.76218648769878,60,True,"low fringe count; NN n error; refiner worsened parameter error; good spectrum, bad parameters"
21,synthetic,0.0,155.57251,1.383129,0.07639261,111.28741,2.0719337,0.281399,98.56703,2.2133932,0.3375993,44.285103,0.68880475,0.20500639,57.005478,0.8302642,0.2612067,0.378908,0.47029027,0.009772029,0.00066739676,25.511507,0.085726514,0.033640653,0.5379421,99.34881198649745,60,True,"NN n error; refiner worsened parameter error; good spectrum, bad parameters"
22,synthetic,0.0,287.1819,1.4106857,0.013792545,174.92403,2.3520896,0.045785636,166.57683,2.4345899,0.06705237,112.25786,0.941404,0.03199309,120.60506,1.0239042,0.053259827,0.41186187,0.4585509,0.01640204,0.0038574135,14.399369,0.11966081,0.042714253,1.0128083,95.16226050035766,60,True,NN n error
23,synthetic,0.0,84.69312,1.4391923,0.046569265,58.97192,1.8529358,0.15791026,58.250885,2.2338622,0.35149947,25.721203,0.4137435,0.11134099,26.442238,0.79466987,0.3049302,0.21872067,0.45442185,0.020665321,0.0015561726,37.04341,0.34107813,0.118760824,0.30472422,99.55286912080248,60,True,"low fringe count; NN n error; refiner worsened parameter error; good spectrum, bad parameters"
24,synthetic,0.0,154.51326,1.4303261,0.044182815,86.69535,2.3953512,0.1603485,93.15062,2.4046848,0.20538108,67.81791,0.96502507,0.11616569,61.36264,0.9743587,0.16119826,0.42345795,0.44865248,0.021667244,0.00058052596,18.631523,0.09433139,0.03223899,0.55251086,99.82398810724533,60,True,"NN n error; good spectrum, bad parameters"
25,synthetic,0.0,80.68252,1.4869057,0.021279594,64.35505,1.9666135,0.15123211,57.760235,2.269464,0.3200938,16.327469,0.47970784,0.12995252,22.922283,0.7825583,0.2988142,0.23865439,0.44293424,0.04864562,0.0016951746,29.339796,0.48723155,0.10452918,0.29991823,99.83569030841367,60,True,"low fringe count; NN n error; refiner worsened parameter error; good spectrum, bad parameters"
26,synthetic,0.0,121.0983,1.4047191,0.06831373,80.68164,2.1952405,0.26494983,76.578575,2.2557309,0.29978132,40.416656,0.7905214,0.1966361,44.519722,0.85101175,0.23146759,0.39713594,0.44187596,0.011558602,0.00043996848,17.625101,0.11785841,0.03148475,0.4252727,99.8549277039937,60,True,"low fringe count; NN n error; good spectrum, bad parameters"
27,synthetic,0.0,156.13712,1.4233532,0.0645945,112.321495,2.090005,0.21254486,99.97724,2.2621548,0.27026084,43.81562,0.6666517,0.14795035,56.159874,0.8388016,0.20566633,0.33417737,0.4346629,0.008935083,0.00082494976,22.85505,0.09194571,0.0288258,0.55559564,99.08387403963506,60,True,"NN n error; refiner worsened parameter error; good spectrum, bad parameters"
28,synthetic,0.0,147.0031,1.4356874,0.03323759,86.01046,2.3969276,0.10828475,88.57916,2.438106,0.16411465,60.992638,0.9612402,0.07504716,58.423935,1.0024186,0.13087706,0.38714907,0.43285492,0.015734283,0.0019474283,25.611895,0.08559857,0.052298713,0.5276262,98.1752298472047,60,True,"NN n error; good spectrum, bad parameters"
29,synthetic,0.0,169.60487,1.3992199,0.054814674,116.5365,2.0847015,0.16780466,108.93541,2.2605274,0.23565969,53.068375,0.68548167,0.112989984,60.669464,0.8613075,0.18084502,0.32673636,0.4295504,0.011946993,0.0038339929,15.3075,0.12068059,0.039410032,0.5932863,92.66957303508167,60,True,NN n error; refiner worsened parameter error
30,synthetic,0.0,162.31444,1.3634284,0.11061879,121.07332,1.8835322,0.32944685,111.9121,1.992504,0.40396935,41.24112,0.5201038,0.21882805,50.402336,0.62907565,0.29335055,0.3377622,0.42824396,0.008011642,0.0010085941,19.645088,0.12493985,0.053847555,0.55326027,98.24044769794448,60,True,"NN n error; refiner worsened parameter error; good spectrum, bad parameters"
31,synthetic,0.0,145.08278,1.4160281,0.075423956,105.17359,2.0539963,0.26605368,93.46665,2.215868,0.2952709,39.909187,0.6379682,0.19062972,51.616127,0.79983985,0.21984693,0.3501725,0.42807126,0.009151807,0.000271352,17.1355,0.10131787,0.01899845,0.5136032,99.82979086653475,60,True,"NN n error; refiner worsened parameter error; good spectrum, bad parameters"
32,synthetic,0.0,283.84808,1.3804214,0.031197943,178.52544,2.1583393,0.11500032,175.45375,2.2320645,0.12034662,105.32265,0.77791786,0.08380238,108.39433,0.8516431,0.08914868,0.39301708,0.42059115,0.00957656,0.0007654636,16.18481,0.085937046,0.040836215,0.97957486,99.30873283262557,60,True,"NN n error; good spectrum, bad parameters"
33,synthetic,0.0,139.52184,1.3503917,0.11848278,96.24298,1.8909353,0.37541506,95.99284,1.9579656,0.4201874,43.278854,0.54054356,0.25693226,43.52899,0.60757387,0.30170465,0.37118497,0.41994026,0.014256114,0.000412022,20.222063,0.066227764,0.058031727,0.4710228,99.88104230379614,60,True,"low fringe count; NN n error; good spectrum, bad parameters"
34,synthetic,0.0,136.90239,1.4470621,0.029333567,92.8042,2.2948735,0.091877066,85.885025,2.406908,0.17110136,44.09819,0.84781134,0.0625435,51.017365,0.9598459,0.1417678,0.32788637,0.41977635,0.020967906,0.004212582,20.79014,0.21314004,0.04422984,0.49526563,94.71997913514227,60,True,low fringe count; NN n error; refiner worsened parameter error
35,synthetic,0.0,165.82799,1.3858103,0.06800882,113.065094,2.0188367,0.22875406,111.06098,2.1618705,0.27651924,52.762894,0.6330265,0.16074523,54.767006,0.7760602,0.20851043,0.34365118,0.41752982,0.027881466,0.0051597655,11.983824,0.10340584,0.033825938,0.5745153,95.53270798346415,60,True,NN n error; refiner worsened parameter error
36,synthetic,0.0,123.327156,1.4133686,0.08245825,88.72863,2.0810874,0.26198742,81.8603,2.1588418,0.32142168,34.598526,0.66771877,0.17952916,41.466858,0.74547327,0.23896343,0.34493196,0.41404787,0.016936844,0.00047310043,17.197716,0.10589351,0.014630285,0.43576682,99.88269704926279,60,True,"low fringe count; NN n error; refiner worsened parameter error; good spectrum, bad parameters"
37,synthetic,0.0,140.56317,1.3711888,0.11123907,104.634445,1.9192001,0.32463992,96.1535,2.0056734,0.39006105,35.928726,0.5480113,0.21340084,44.409668,0.63448465,0.27882197,0.33578995,0.41317263,0.012137899,0.00035047744,18.767372,0.11884337,0.057651687,0.4818466,99.9222454963449,60,True,"low fringe count; NN n error; refiner worsened parameter error; good spectrum, bad parameters"
38,synthetic,0.0,137.13782,1.355114,0.12101938,102.59767,1.8856242,0.36677164,94.800385,1.9500761,0.41141096,34.540146,0.5305102,0.24575226,42.337433,0.5949621,0.29039156,0.35090008,0.40752533,0.01131154,0.0002942357,21.812037,0.062492836,0.052248787,0.4645934,99.92775742751053,60,True,"low fringe count; NN n error; good spectrum, bad parameters"
39,synthetic,0.0,149.36441,1.3814483,0.10952265,110.467285,1.9268826,0.33164737,103.00044,2.0126367,0.37624502,38.897125,0.54543436,0.22212473,46.363968,0.6311884,0.26672238,0.34430203,0.40643692,0.006759633,0.00065302494,17.236893,0.06979717,0.06315286,0.515848,99.3064787342774,60,True,"NN n error; good spectrum, bad parameters"
40,synthetic,0.0,274.11597,1.3948083,0.030686468,172.82785,2.1470566,0.11804003,171.53003,2.229206,0.11324133,101.28812,0.7522483,0.087353565,102.58594,0.8343978,0.08255486,0.3836167,0.40472862,0.016903425,0.0008609819,8.394935,0.087813966,0.035300475,0.95584804,99.6985203176095,60,True,"NN n error; good spectrum, bad parameters"
41,synthetic,0.0,124.93304,1.3442808,0.12483054,92.783936,1.8575,0.38674405,86.846,1.922585,0.42315215,32.1491,0.5132191,0.2619135,38.087036,0.5783042,0.2983216,0.35412288,0.40329933,0.0120407855,0.0005352077,13.849078,0.057269126,0.06324173,0.4198627,99.80213730019837,60,True,"low fringe count; NN n error; good spectrum, bad parameters"
42,synthetic,0.0,157.08841,1.344906,0.13078085,115.06185,1.7971984,0.38683608,112.5709,1.875412,0.4337261,42.026558,0.45229244,0.25605524,44.51751,0.530506,0.30294526,0.3446467,0.40049586,0.014903559,0.00088144944,12.364055,0.06488253,0.041883327,0.52817285,99.50969653279323,60,True,"NN n error; good spectrum, bad parameters"
43,synthetic,0.0,167.14516,1.3796284,0.10102741,128.99371,1.8315659,0.25200033,118.297806,2.0073633,0.35514256,38.151443,0.45193744,0.15097293,48.84735,0.6277349,0.25411516,0.27003902,0.3999273,0.014080378,0.002351893,23.560015,0.2032103,0.061549664,0.5764955,97.17942116934518,60,True,NN n error; refiner worsened parameter error
44,synthetic,0.0,165.78139,1.400366,0.03378011,114.21795,2.2199426,0.09762346,104.708565,2.3204591,0.14438897,51.56344,0.8195766,0.063843355,61.072823,0.9200932,0.11060886,0.3294907,0.39951932,0.024216568,0.008776257,25.846449,0.5437384,0.06529603,0.5803865,85.48120835142389,60,True,NN n error; refiner worsened parameter error
45,synthetic,0.0,162.3239,1.3312929,0.13758999,117.09462,1.7432902,0.37877962,118.549095,1.8231777,0.45362306,45.22928,0.41199732,0.24118963,43.774803,0.49188483,0.31603307,0.32722446,0.39763924,0.021530604,0.0012391208,15.212309,0.07792606,0.04987553,0.5402516,99.5666086223427,60,True,"NN n error; refiner worsened parameter error; good spectrum, bad parameters"
46,synthetic,0.0,155.51396,1.3419169,0.13819966,114.13379,1.7723724,0.3779158,113.00728,1.8386813,0.43621522,41.380173,0.43045545,0.23971614,42.506683,0.49676442,0.29801556,0.32694513,0.38552538,0.014692412,0.00081595336,14.443966,0.09106353,0.05368269,0.521717,99.56660372876613,60,True,"NN n error; good spectrum, bad parameters"
47,synthetic,0.0,143.49483,1.4039485,0.108739965,108.70673,1.9212809,0.30729222,99.67003,2.0242143,0.35104987,34.788094,0.5173323,0.19855225,43.8248,0.6202657,0.2423099,0.3160579,0.3842093,0.0076315515,0.00028875886,17.135462,0.06438855,0.046341486,0.50364834,99.83824517617973,60,True,"NN n error; refiner worsened parameter error; good spectrum, bad parameters"
48,synthetic,0.0,141.73483,1.4675108,0.057959706,106.46596,2.102867,0.16869207,93.94578,2.2560165,0.21690719,35.268875,0.63535607,0.11073236,47.789055,0.7885057,0.15894748,0.29084828,0.3799243,0.014482233,0.0013740496,18.878307,0.104125656,0.038041227,0.5199935,98.92661161911886,60,True,"NN n error; refiner worsened parameter error; good spectrum, bad parameters"
49,synthetic,0.0,145.18024,1.474774,0.05396923,98.870026,2.1578915,0.15928684,96.39851,2.265005,0.19833,46.31021,0.6831175,0.10531761,48.781723,0.7902311,0.14436077,0.31319675,0.3718201,0.015080574,0.0015879497,22.707644,0.13064963,0.039659698,0.5352701,98.67451386306321,60,True,"NN n error; good spectrum, bad parameters"
50,synthetic,0.0,82.69208,1.5421854,0.009054494,59.910976,2.2596376,0.15193783,57.592094,2.346723,0.18736982,22.781101,0.71745217,0.14288333,25.099983,0.80453765,0.17831533,0.32073298,0.3712101,0.016348822,0.0009148231,14.919619,0.16831042,0.07915319,0.3188163,99.48759591389913,60,True,"low fringe count; NN n error; good spectrum, bad parameters"
51,synthetic,0.0,100.69525,1.4572096,0.07268938,71.06374,2.1293283,0.23331694,68.174515,2.1864948,0.26374543,29.631508,0.67211866,0.16062757,32.520737,0.72928524,0.19105604,0.32784387,0.36733007,0.011671025,0.000672381,17.615776,0.101185575,0.03897085,0.3668352,99.57894829861756,60,True,"low fringe count; NN n error; good spectrum, bad parameters"
52,synthetic,0.0,133.6916,1.4672667,0.069749825,108.20408,2.0588138,0.22017138,93.79251,2.1612668,0.26204407,25.487526,0.59154713,0.15042156,39.899094,0.6940001,0.19229424,0.2938957,0.366835,0.02305386,0.002839162,24.507399,0.06759458,0.034044594,0.4904031,98.0617446049609,60,True,low fringe count; NN n error; refiner worsened parameter error
53,synthetic,0.0,150.54869,1.3811487,0.12864491,115.12156,1.8400651,0.32879183,108.95112,1.909055,0.3860427,35.42713,0.45891643,0.20014691,41.597572,0.5279063,0.2573978,0.30162892,0.36605248,0.006694428,0.00064648926,20.544363,0.07205214,0.05347788,0.51982534,99.29204965471868,60,True,"NN n error; refiner worsened parameter error; good spectrum, bad parameters"
54,synthetic,0.0,140.42534,1.3018644,0.15805952,103.32524,1.6832049,0.37990558,98.819244,1.779673,0.43401664,37.100098,0.3813405,0.22184606,41.606094,0.4778086,0.2759571,0.2964691,0.36451912,0.013651826,0.0009884143,18.977703,0.10821993,0.049879685,0.45703685,99.16611885004126,60,True,"low fringe count; NN n error; refiner worsened parameter error; good spectrum, bad parameters"
55,synthetic,0.0,260.8583,1.3598397,0.04497675,191.7187,1.823203,0.100614704,170.98535,2.072022,0.14005886,69.1396,0.4633633,0.055637956,89.872955,0.7121823,0.09508211,0.2452748,0.36451873,0.0130279865,0.0021906279,22.3845,0.18776758,0.04843903,0.88681364,97.65460216728995,60,True,NN n error; refiner worsened parameter error
56,synthetic,0.0,97.61755,1.4550129,0.08079851,71.898705,2.0620637,0.25534907,68.34648,2.1236334,0.29721642,25.71885,0.6070508,0.17455056,29.271072,0.66862047,0.21641791,0.31455415,0.36365142,0.014684895,0.00068318896,16.223478,0.12773395,0.04800319,0.355087,99.71818872489739,60,True,"low fringe count; NN n error; good spectrum, bad parameters"
57,synthetic,0.0,107.004776,1.4799774,0.06078563,80.39008,2.1746497,0.16633733,72.66296,2.2272153,0.23259339,26.614693,0.69467235,0.1055517,34.34182,0.7472379,0.17180777,0.29392394,0.36157796,0.030277114,0.00078210153,22.260614,0.082205966,0.055471115,0.3959116,99.9280860076931,60,True,"low fringe count; NN n error; refiner worsened parameter error; good spectrum, bad parameters"
58,synthetic,0.0,76.99254,1.5537531,0.0030968043,52.886795,2.3268538,0.15136327,53.41116,2.3639243,0.16248646,24.105743,0.7731006,0.14826646,23.581379,0.8101711,0.15938966,0.34130225,0.35841236,0.0040202844,0.00072523847,12.951034,0.0936195,0.041749816,0.29906848,97.60544715352219,60,True,"low fringe count; NN n error; good spectrum, bad parameters"
59,synthetic,0.0,110.78396,1.4821719,0.0665892,80.154724,2.1185503,0.1855916,75.24948,2.2103808,0.22905555,30.629234,0.6363784,0.119002394,35.534477,0.7282089,0.16246635,0.29131272,0.35143533,0.014123576,0.00036052804,18.901474,0.1250626,0.05605342,0.41050217,99.90249396854041,60,True,"low fringe count; NN n error; refiner worsened parameter error; good spectrum, bad parameters"
60,synthetic,0.0,260.5212,1.4977971,0.0113905035,183.10312,2.1538672,0.012473361,168.61473,2.3139825,0.03877987,77.41809,0.6560701,0.0010828571,91.90648,0.81618536,0.027389366,0.27194992,0.35061732,0.02011576,0.005959487,34.424015,0.16746235,0.023492217,0.9755198,90.36463165577298,60,True,NN n error; refiner worsened parameter error
61,synthetic,0.0,97.97479,1.4650211,0.07986816,67.93303,2.089687,0.23525691,67.92012,2.1441855,0.26742852,30.041763,0.624666,0.15538874,30.054672,0.6791644,0.18756035,0.31164157,0.3482426,0.0077846404,0.0007479388,21.219423,0.12683675,0.03966532,0.35883784,99.07361309151614,60,True,"low fringe count; NN n error; good spectrum, bad parameters"
62,synthetic,0.0,95.666405,1.3464636,0.026700256,82.427345,1.7507926,0.24206798,62.726963,1.691669,0.34660962,13.239059,0.40432906,0.21536772,32.93944,0.34520543,0.31990936,0.27110943,0.3470247,0.0983248,0.03655168,26.69329,0.4563264,0.23358111,0.3220283,78.06919522534808,60,True,low fringe count; NN n error; refiner worsened parameter error
63,synthetic,0.0,256.04538,1.4687331,0.005572474,180.4372,2.1371114,0.014523756,163.15872,2.2956107,0.012977585,75.608185,0.66837835,0.008951282,92.88666,0.8268776,0.007405111,0.2785341,0.3413912,0.030696006,0.014823216,33.955166,0.31023988,0.027167534,0.94015574,71.73464338530324,60,True,NN n error; refiner worsened parameter error
64,synthetic,0.0,281.6952,1.53096,0.0137495,192.69226,2.2389784,0.025704673,187.74336,2.2991967,0.043444738,89.00293,0.7080184,0.011955173,93.95183,0.76823676,0.029695239,0.3069441,0.34118652,0.00877603,0.0020385315,17.03149,0.10142472,0.025985682,1.0781602,94.86867237680502,60,True,NN n error
65,synthetic,0.0,155.03108,1.4657999,0.06290056,119.63478,2.0496373,0.16769308,108.42276,2.1600192,0.20433608,35.3963,0.5838374,0.10479252,46.608322,0.69421923,0.14143552,0.27272412,0.3407018,0.015702892,0.0037986552,20.776884,0.11817125,0.035133068,0.56811136,93.43689919775004,60,True,NN n error; refiner worsened parameter error
66,synthetic,0.0,125.02569,1.5026969,0.020144163,101.4331,2.2305539,0.05543252,88.117584,2.2951536,0.13702737,23.59259,0.727857,0.035288356,36.908104,0.79245675,0.1168832,0.252826,0.3404721,0.056126013,0.009514315,24.840065,0.2547831,0.051922202,0.46968928,96.93765207957799,60,True,low fringe count; NN n error; refiner worsened parameter error
67,synthetic,0.0,108.35933,1.3965607,0.1266718,79.51596,1.8450658,0.30515936,77.82495,1.9392508,0.35843512,28.843369,0.44850516,0.17848755,30.534378,0.54269016,0.23176332,0.27672976,0.34035313,0.011527471,0.0009856087,12.940095,0.09274202,0.03835223,0.37832594,99.25445794044134,60,True,"low fringe count; NN n error; refiner worsened parameter error; good spectrum, bad parameters"
68,synthetic,0.0,136.31978,1.4999756,0.059597585,107.77183,2.052765,0.16170242,94.52912,2.208662,0.19894533,28.54795,0.55278933,0.10210484,41.790657,0.7086865,0.13934775,0.25443622,0.3377911,0.014850868,0.001862128,23.640865,0.09122966,0.042070743,0.51119083,98.1351201470592,60,True,"NN n error; refiner worsened parameter error; good spectrum, bad parameters"
69,synthetic,0.0,134.24594,1.4322238,0.11547745,103.92571,1.894772,0.2767266,96.975174,1.9863167,0.32688102,30.320229,0.46254826,0.16124916,37.270767,0.5540929,0.21140358,0.2708359,0.33769035,0.00885822,0.00031090944,22.800154,0.063868,0.030307315,0.48067558,99.89506436078628,60,True,"low fringe count; NN n error; refiner worsened parameter error; good spectrum, bad parameters"
70,synthetic,0.0,148.66435,1.4330083,0.11791085,118.96545,1.8778253,0.27243838,108.59356,1.9706662,0.3302057,29.698906,0.44481695,0.15452753,40.070793,0.53765786,0.21229486,0.26071528,0.3369377,0.008832753,0.00058976584,15.517265,0.08700965,0.020436851,0.53259313,99.38658667036923,60,True,"NN n error; refiner worsened parameter error; good spectrum, bad parameters"
71,synthetic,0.0,142.01878,1.389702,0.13929309,110.52548,1.8146955,0.31770995,105.24109,1.8678808,0.37837118,31.493301,0.42499352,0.17841686,36.777695,0.47817886,0.23907809,0.27319753,0.33448604,0.008477232,0.0004034011,17.840143,0.07686382,0.042471033,0.49340945,99.8062600584076,60,True,"low fringe count; NN n error; refiner worsened parameter error; good spectrum, bad parameters"
72,synthetic,0.0,278.6268,1.4777745,0.029484203,202.3942,2.034538,0.08209006,189.61041,2.1719408,0.08754792,76.232605,0.5567635,0.052605852,89.01639,0.6941663,0.058063716,0.27735078,0.33385077,0.011996112,0.00041357518,15.577608,0.082724966,0.048952468,1.029369,99.78313008753294,60,True,"NN n error; refiner worsened parameter error; good spectrum, bad parameters"
73,synthetic,0.0,112.08657,1.5381398,0.01100405,91.67603,2.2246072,0.03974507,78.54156,2.3381195,0.11804202,20.410538,0.6864674,0.02874102,33.545013,0.7999797,0.10703797,0.23330647,0.3321327,0.052523736,0.007201293,36.257275,0.13590187,0.051598426,0.43101203,97.8475841574819,60,True,low fringe count; NN n error; refiner worsened parameter error
74,synthetic,0.0,125.63612,1.4779164,0.090747416,100.49311,1.9652057,0.22278331,90.218216,2.0821474,0.26915446,25.143013,0.4872893,0.1320359,35.417908,0.604231,0.17840704,0.25228208,0.32749018,0.014490893,0.00085605396,23.565489,0.0751455,0.044288445,0.46419922,99.5408460247592,60,True,"low fringe count; NN n error; refiner worsened parameter error; good spectrum, bad parameters"
75,synthetic,0.0,77.70238,1.5885744,0.008889434,54.888374,2.1493556,0.15505862,57.364853,2.2738566,0.17767118,22.814003,0.56078124,0.14616919,20.337524,0.68528223,0.16878174,0.27944168,0.3262538,0.018480117,0.0008547223,25.799839,0.15741883,0.05020844,0.30859,99.75137901685943,60,True,"low fringe count; NN n error; good spectrum, bad parameters"
76,synthetic,0.0,119.27766,1.4989448,0.0751244,95.84713,2.0022027,0.193302,85.63157,2.133978,0.24154487,23.430527,0.503258,0.11817761,33.646088,0.63503313,0.16642047,0.24551058,0.32601872,0.017258974,0.0015192399,24.011852,0.13429171,0.042073503,0.44697654,99.13330718507825,60,True,"low fringe count; NN n error; refiner worsened parameter error; good spectrum, bad parameters"
77,synthetic,0.0,114.50257,1.3688738,0.14958604,88.99869,1.7404429,0.3478789,85.46777,1.8171982,0.39414772,25.503883,0.37156904,0.19829287,29.034798,0.44832432,0.24456169,0.26472366,0.320949,0.011144935,0.0006786817,24.229855,0.15074526,0.057720758,0.39184895,99.48125974255603,60,True,"low fringe count; NN n error; refiner worsened parameter error; good spectrum, bad parameters"
78,synthetic,0.0,164.62129,1.3867966,0.14462015,139.9766,1.6897321,0.29002586,127.177414,1.8133371,0.38091192,24.6447,0.30293548,0.14540571,37.44388,0.4265405,0.23629177,0.20941313,0.31905025,0.006154786,0.0013045999,16.58315,0.124044925,0.035833493,0.57074064,96.32434257051865,60,True,"NN n error; refiner worsened parameter error; good spectrum, bad parameters"
79,synthetic,0.0,298.42294,1.566751,0.011540405,214.72087,2.2043872,0.02692838,205.85997,2.2727776,0.033074524,83.70207,0.6376362,0.015387975,92.56297,0.70602655,0.021534119,0.2835891,0.31686875,0.01544215,0.002995356,20.07436,0.14095913,0.03552312,1.1688861,96.04077584840404,60,True,NN n error
80,synthetic,0.0,130.69844,1.511171,0.057217978,108.225815,2.069176,0.16100746,95.61966,2.1570616,0.20258325,22.472626,0.558005,0.103789486,35.07878,0.6458906,0.14536527,0.25002494,0.31664467,0.027062908,0.0047107874,18.83815,0.11100778,0.036447994,0.49376923,96.57390743212858,60,True,low fringe count; NN n error; refiner worsened parameter error
81,synthetic,0.0,140.6894,1.3959538,0.1445677,109.763054,1.7538356,0.32695022,106.49879,1.8392643,0.37480184,30.926353,0.35788178,0.18238252,34.19062,0.4433105,0.23023415,0.25654748,0.3159308,0.0133839585,0.0006113281,18.349302,0.09349752,0.041682363,0.49098974,99.69862625865669,60,True,"low fringe count; NN n error; refiner worsened parameter error; good spectrum, bad parameters"
82,synthetic,0.0,145.81064,1.3550056,0.1632684,119.88136,1.6685306,0.3813602,111.80532,1.7458751,0.41053405,25.929276,0.31352496,0.2180918,34.005318,0.3908695,0.24726565,0.26228857,0.31250522,0.006881312,0.00043801527,13.920251,0.09055076,0.040021952,0.49393559,99.53074211987146,60,True,"low fringe count; NN n error; good spectrum, bad parameters"
83,synthetic,0.0,89.73799,1.5098895,0.0768106,65.539665,2.0138097,0.22141637,66.144424,2.0994542,0.25801516,24.198326,0.5039202,0.14460577,23.593567,0.5895647,0.18120456,0.26419583,0.31169006,0.009689839,0.00063245476,20.64655,0.07856774,0.036930356,0.33873612,99.62452226213095,60,True,"low fringe count; NN n error; good spectrum, bad parameters"
84,synthetic,0.0,101.674576,1.5310557,0.06877664,81.27265,2.0405633,0.18483481,75.06503,2.1304276,0.23235445,20.401924,0.50950766,0.11605817,26.609543,0.5993719,0.16357781,0.24235249,0.30612972,0.017554501,0.0010276295,15.114164,0.08263061,0.055748206,0.38917357,99.53806884346324,60,True,"low fringe count; NN n error; refiner worsened parameter error; good spectrum, bad parameters"
85,synthetic,0.0,101.82878,1.5419233,0.050952304,77.875854,2.1244845,0.12853244,71.96297,2.2225409,0.17502026,23.952927,0.58256125,0.07758014,29.865814,0.6806176,0.12406796,0.24107476,0.30610093,0.018686164,0.00063422666,18.270536,0.12679757,0.07744962,0.39253038,99.78885827947266,60,True,"low fringe count; NN n error; refiner worsened parameter error; good spectrum, bad parameters"
86,synthetic,0.0,100.87359,1.520245,0.07675336,80.37936,1.974924,0.21181628,74.65367,2.1021314,0.24511679,20.494232,0.454679,0.13506292,26.219917,0.5818864,0.16836342,0.23989825,0.30401522,0.015348914,0.0007272464,14.087751,0.08046258,0.049543653,0.38338143,99.635426194462,60,True,"low fringe count; NN n error; refiner worsened parameter error; good spectrum, bad parameters"
87,synthetic,0.0,130.21548,1.5492862,0.035881653,94.79745,2.1714723,0.091443196,90.15487,2.2785263,0.117905974,35.418037,0.62218606,0.055561543,40.060616,0.72924006,0.08202432,0.25058088,0.30329624,0.00817083,0.0020055587,19.060747,0.11513984,0.050056387,0.5043526,94.88367663386124,60,True,NN n error; refiner worsened parameter error
88,synthetic,0.0,163.48715,1.3937956,0.13782977,136.53189,1.6851043,0.28119546,128.5062,1.816222,0.35213074,26.955261,0.29130864,0.1433657,34.980957,0.42242634,0.21430098,0.20747924,0.30041596,0.014564979,0.00244494,23.999985,0.15903406,0.071437575,0.5696692,96.07802049599094,60,True,NN n error; refiner worsened parameter error
89,synthetic,0.0,145.8624,1.4203917,0.14347771,119.65089,1.7927878,0.29449162,111.5565,1.8545243,0.35150626,26.21151,0.3723961,0.15101391,34.305893,0.43413258,0.20802855,0.23424749,0.29871014,0.00874047,0.00046457932,14.048136,0.08272202,0.03139406,0.5179543,99.66811102363648,60,True,"NN n error; refiner worsened parameter error; good spectrum, bad parameters"
90,synthetic,0.0,20.949324,2.3624375,0.044438154,50.87472,1.8973455,0.11302804,31.327785,1.6837004,0.19159485,29.925398,0.46509194,0.06858989,10.378462,0.67873704,0.1471567,0.20931579,0.2985718,0.15302134,0.0037488802,55.43477,0.14888965,0.088076256,0.12372866,99.93252333991653,60,True,thin film; low fringe count; NN n error; refiner worsened parameter error
91,synthetic,0.0,101.32507,1.574591,0.042856622,85.35511,2.0789936,0.11454945,75.46653,2.2017415,0.18237579,15.969963,0.5044025,0.071692824,25.858543,0.6271504,0.13951917,0.2062633,0.2969437,0.030876493,0.0026362233,20.981903,0.08571216,0.08247995,0.39886385,99.16952160328145,60,True,low fringe count; NN n error; refiner worsened parameter error
92,synthetic,0.0,155.1275,1.4458426,0.11362415,135.75937,1.7715616,0.23530288,118.93619,1.9307806,0.29373613,19.368134,0.325719,0.12167873,36.191315,0.48493803,0.18011197,0.19385888,0.29637885,0.0099604195,0.0024905219,17.621754,0.17079176,0.052690644,0.5607249,93.04518172355101,60,True,NN n error; refiner worsened parameter error
93,synthetic,0.0,241.33528,1.4092717,0.021954272,180.4556,1.8781378,0.030249003,163.40973,2.0637755,0.056670748,60.879684,0.4688661,0.008294731,77.92555,0.6545038,0.034716476,0.20574705,0.29452053,0.020565381,0.0143249845,40.535057,0.4722978,0.04097494,0.85026747,40.63607914962677,60,True,NN n error; refiner worsened parameter error
94,synthetic,0.0,117.761444,1.3823105,0.1581767,93.10778,1.6991283,0.34712154,91.541145,1.7689228,0.39099032,24.653664,0.31681776,0.18894483,26.220299,0.3866123,0.23281361,0.24230568,0.29273966,0.008374764,0.00041733347,21.694065,0.13488121,0.07373226,0.4069572,99.72018775028853,60,True,"low fringe count; NN n error; refiner worsened parameter error; good spectrum, bad parameters"
95,synthetic,0.0,125.23764,1.4960309,0.10441272,108.43717,1.8976221,0.22688417,96.13489,1.991576,0.28565308,16.800468,0.40159118,0.12247145,29.102753,0.49554503,0.18124036,0.21251161,0.29192975,0.020056436,0.0018214731,15.191812,0.11741218,0.046828136,0.46839845,98.86757949302381,60,True,"low fringe count; NN n error; refiner worsened parameter error; good spectrum, bad parameters"
96,synthetic,0.0,208.89977,1.5335652,0.011442472,151.73819,2.1079495,0.017551018,141.77507,2.253162,0.030738553,57.161575,0.57438433,0.0061085457,67.124695,0.71959674,0.01929608,0.22932653,0.28990683,0.009785332,0.004744923,29.584143,0.2869923,0.03097381,0.80090344,77.84654146420051,60,True,NN n error; refiner worsened parameter error
97,synthetic,0.0,109.03849,1.5487685,0.070327915,94.117065,1.9805406,0.18140084,83.58546,2.0938506,0.22927204,14.921425,0.4317721,0.11107292,25.453033,0.5450821,0.15894413,0.21113639,0.28663078,0.022308003,0.0025447072,20.827429,0.13207266,0.085669674,0.42218843,98.43026894255655,60,True,low fringe count; NN n error; refiner worsened parameter error
98,synthetic,0.0,173.90799,1.3172612,0.18372749,153.32568,1.5261694,0.3317428,141.77377,1.6089636,0.4347578,20.582306,0.2089082,0.1480153,32.134216,0.2917024,0.25103033,0.18036474,0.28531787,0.0059404755,0.0012875006,9.377918,0.15063362,0.05111143,0.5727056,96.19821128569748,60,True,"NN n error; refiner worsened parameter error; good spectrum, bad parameters"
99,synthetic,0.0,10.07665,2.4124959,0.18141669,23.655993,1.7694882,0.18457946,16.828325,1.5913382,0.25294203,13.579343,0.64300764,0.0031627715,6.7516756,0.8211577,0.071525335,0.19633017,0.28354344,0.027611477,0.0013864764,47.554276,0.21465352,0.074672274,0.060774688,99.75524048861392,60,True,"thin film; low fringe count; NN n error; refiner worsened parameter error; good spectrum, bad parameters"
100,synthetic,0.0,119.43078,1.5416946,0.074496344,106.9338,1.9536226,0.16672617,93.99818,2.0578916,0.24030893,12.496979,0.41192794,0.09222983,25.432602,0.51619697,0.16581258,0.19027531,0.28316262,0.029154414,0.004523834,23.250301,0.12571654,0.051936664,0.46031448,97.2824389775758,60,True,low fringe count; NN n error; refiner worsened parameter error
101,synthetic,0.0,110.890114,1.4162736,0.14965679,88.41589,1.7884163,0.30683115,85.61747,1.8273331,0.3537694,22.47422,0.37214267,0.15717436,25.272644,0.4110595,0.2041126,0.2339883,0.27930728,0.009286471,0.0004818417,10.4082155,0.08625672,0.057694145,0.39262682,99.64413852975578,60,True,"low fringe count; NN n error; good spectrum, bad parameters"
102,synthetic,0.0,167.00084,1.4745892,0.031730015,125.093735,2.0773084,0.06717046,117.28956,2.152366,0.07908193,41.907104,0.6027192,0.03544045,49.71128,0.6777767,0.047351915,0.23921804,0.27697864,0.017721238,0.008762539,33.173817,0.4685174,0.049804144,0.6156441,75.92947683443259,60,True,NN n error
103,synthetic,0.0,103.02535,1.4037958,0.14724931,101.05811,1.63324,0.28917608,88.145424,1.6771848,0.42169032,1.9672394,0.22944415,0.14192677,14.879929,0.27338898,0.274441,0.16061352,0.27600542,0.038601648,0.003483802,29.902634,0.14592674,0.056446433,0.3615664,99.25545054079551,60,True,low fringe count; NN n error; refiner worsened parameter error
104,synthetic,0.0,78.35311,1.6261836,0.015180117,61.560265,2.1537614,0.11772725,59.140766,2.2381485,0.13592805,16.792847,0.52757776,0.10254713,19.212345,0.6119648,0.12074793,0.23421626,0.272572,0.011358231,0.0007436632,21.096731,0.117600635,0.06267395,0.31854138,99.26897593210174,60,True,"low fringe count; NN n error; good spectrum, bad parameters"
105,synthetic,0.0,136.01207,1.3401754,0.1839346,115.23043,1.5699881,0.36708724,108.29481,1.6550282,0.4118067,20.78164,0.22981274,0.18315265,27.717262,0.31485283,0.2278721,0.20982558,0.27123275,0.009770161,0.0003518953,15.801697,0.11560448,0.055568498,0.45570007,99.79679821895499,60,True,"low fringe count; NN n error; refiner worsened parameter error; good spectrum, bad parameters"
106,synthetic,0.0,145.35078,1.577606,0.026069878,106.03364,2.229347,0.042664636,102.4729,2.2642622,0.07193471,39.317146,0.651741,0.016594758,42.877884,0.68665624,0.045864828,0.23729448,0.27059934,0.015187569,0.0021867014,35.41257,0.13266239,0.04361797,0.5732656,97.65357945874983,60,True,NN n error
107,synthetic,0.0,139.6734,1.5243515,0.085644394,116.56159,1.966271,0.19097537,106.200455,2.043836,0.2154732,23.111809,0.44191957,0.105330974,33.472946,0.51948464,0.12982881,0.21954137,0.26932847,0.014731274,0.0021690493,19.375631,0.07218384,0.03105504,0.5322784,97.3812858361529,60,True,NN n error; refiner worsened parameter error
108,synthetic,0.0,126.95127,1.4883288,0.12146526,110.74004,1.8292707,0.24526943,98.48139,1.9367013,0.28766918,16.211227,0.3409419,0.123804174,28.46988,0.44837248,0.16620392,0.19587578,0.2680745,0.013931292,0.0009550676,14.107524,0.107001364,0.047729366,0.47236308,99.48705735102543,60,True,"low fringe count; NN n error; refiner worsened parameter error; good spectrum, bad parameters"
109,synthetic,0.0,117.31,1.5485529,0.08604937,101.79005,1.8711674,0.14398362,89.93502,2.05817,0.2282641,15.519951,0.32261455,0.057934247,27.374977,0.5096172,0.14221472,0.14607699,0.26783562,0.016465494,0.0015038635,27.140217,0.16840903,0.053459674,0.45415184,98.68767429462558,60,True,"low fringe count; NN n error; refiner worsened parameter error; good spectrum, bad parameters"
110,synthetic,0.0,267.28357,1.6023694,0.012489726,197.88916,2.1602533,0.02090792,193.72084,2.2099535,0.029994609,69.39441,0.55788386,0.008418194,73.56273,0.6075841,0.017504882,0.24034357,0.2649981,0.0063997544,0.0026024124,16.705654,0.10153554,0.030196493,1.0707176,80.10676438364068,60,True,NN n error
111,synthetic,0.0,123.87617,1.4840454,0.12663613,108.41428,1.7854908,0.24217737,96.30224,1.92056,0.2919822,15.461884,0.30144536,0.115541235,27.573929,0.43651462,0.16534607,0.17853458,0.26317894,0.011794176,0.0007118622,17.19149,0.08774198,0.049920082,0.45959464,99.65915559089244,60,True,"low fringe count; NN n error; refiner worsened parameter error; good spectrum, bad parameters"
112,synthetic,0.0,116.568306,1.5574781,0.08334349,102.99801,1.8979261,0.13996123,92.09853,2.0386195,0.23333316,13.570297,0.34044802,0.056617737,24.469772,0.48114145,0.14998966,0.14791209,0.26176968,0.022835724,0.0028754962,14.206811,0.16859534,0.048144776,0.45388144,98.0055556498017,60,True,low fringe count; NN n error; refiner worsened parameter error
113,synthetic,0.0,242.90924,1.586781,0.009058836,183.351,2.1105447,0.00951759,174.92682,2.2027268,0.020625709,59.558243,0.52376366,0.00045875367,67.98242,0.6159458,0.011566873,0.21425349,0.25694802,0.011795304,0.0057817358,14.744253,0.13901345,0.022036882,0.96360946,69.72914258736718,60,True,NN n error
114,synthetic,0.0,18.756073,2.4775074,0.004047118,33.366615,1.8867551,0.081532985,26.247684,1.7888801,0.087879166,14.610542,0.59075224,0.07748587,7.4916115,0.68862724,0.08383205,0.23254879,0.25578442,0.046203397,0.001888082,50.249912,0.14808041,0.08858162,0.116170764,99.82328034933042,60,True,"thin film; low fringe count; NN n error; good spectrum, bad parameters"
115,synthetic,0.0,97.978745,1.6192514,0.041178692,87.68596,2.0317526,0.08732445,75.65574,2.1642504,0.15468548,10.292786,0.41250122,0.046145756,22.323006,0.544999,0.113506794,0.1571783,0.25271842,0.036851957,0.0020460575,16.243443,0.10745709,0.054658916,0.39663056,99.50125002202904,60,True,low fringe count; NN n error; refiner worsened parameter error
116,synthetic,0.0,136.89943,1.5863936,0.014369758,95.40615,2.178247,0.012210767,98.56483,2.2539468,0.04890716,41.49328,0.5918534,0.002158991,38.334602,0.6675532,0.034537405,0.21353646,0.25251916,0.027455654,0.0045850296,16.421593,0.13373174,0.02465808,0.5429409,96.29709422843152,60,True,NN n error
117,synthetic,0.0,123.04193,1.3899277,0.17603855,100.32073,1.6602362,0.29073197,96.81002,1.7370197,0.36229727,22.721199,0.2703085,0.11469342,26.23191,0.3470919,0.18625872,0.17766428,0.2507385,0.009706566,0.00051049294,15.449088,0.11033018,0.04436929,0.42754847,99.57300459893213,60,True,"low fringe count; NN n error; refiner worsened parameter error; good spectrum, bad parameters"
118,synthetic,0.0,104.52908,1.3585544,0.18359858,89.09937,1.5543199,0.28340247,86.93618,1.630134,0.41604495,15.42971,0.1957655,0.099803895,17.592903,0.27157962,0.23244637,0.13865054,0.25062475,0.011627028,0.0007441435,22.300861,0.13803452,0.06277329,0.3550211,99.52742082319762,60,True,"low fringe count; NN n error; refiner worsened parameter error; good spectrum, bad parameters"
119,synthetic,0.0,137.4072,1.5260068,0.09033746,118.29946,1.9420321,0.18855563,107.72849,1.9977015,0.21653421,19.107735,0.41602528,0.098218165,29.678703,0.4716947,0.12619674,0.20300426,0.24927092,0.020517163,0.0033043157,19.2818,0.092026696,0.040558506,0.52421075,97.02192286950934,60,True,NN n error; refiner worsened parameter error
120,synthetic,0.0,117.514114,1.4447546,0.15652134,92.939224,1.7067276,0.26166803,93.5355,1.8097407,0.33164898,24.57489,0.26197302,0.10514669,23.978615,0.36498606,0.17512764,0.17111509,0.2456984,0.014598995,0.00027539578,15.768221,0.094542496,0.044994697,0.42444763,99.96482455693358,60,True,"low fringe count; NN n error; refiner worsened parameter error; good spectrum, bad parameters"
121,synthetic,0.0,46.93211,2.3820922,0.014177872,58.781654,1.8702492,0.10073662,56.7453,2.1419322,0.26555791,11.849545,0.5118431,0.086558744,9.81319,0.24015999,0.25138006,0.21350463,0.24557734,0.012774191,0.0013063368,18.37327,0.24036522,0.07703196,0.27949154,99.21871991171918,60,True,"thin film; low fringe count; NN n error; good spectrum, bad parameters"
122,synthetic,0.0,23.705542,2.4704924,0.058858022,44.714294,1.8589249,0.08462698,32.7223,1.7323581,0.103406906,21.008753,0.6115675,0.025768958,9.01676,0.73813426,0.044548884,0.21120715,0.24510066,0.091632806,0.0018949499,45.21173,0.1285268,0.113699846,0.1464109,99.95133839846197,60,True,"thin film; low fringe count; NN n error; good spectrum, bad parameters"
123,synthetic,0.0,10.962263,2.4623818,0.08303624,18.248222,1.766189,0.13049366,16.259117,1.7084992,0.12539662,7.2859592,0.69619286,0.04745742,5.296854,0.75388265,0.042360388,0.23339985,0.24374044,0.0063123195,0.0006144147,15.292471,0.15287477,0.06524778,0.067483194,99.00866244147645,60,True,"thin film; low fringe count; NN n error; good spectrum, bad parameters"
124,synthetic,0.0,107.06861,1.4728643,0.14284384,89.74956,1.8038439,0.25242743,85.287155,1.8546953,0.31160378,17.319054,0.3309796,0.10958359,21.781456,0.38183105,0.16875994,0.18490146,0.24360697,0.012672994,0.00034376897,26.183468,0.09443955,0.023712242,0.3942438,99.91324129833762,60,True,"low fringe count; NN n error; refiner worsened parameter error; good spectrum, bad parameters"
125,synthetic,0.0,136.95071,1.4298002,0.165805,121.944145,1.6763577,0.30511048,109.311485,1.7759483,0.33925855,15.006569,0.2465576,0.13930549,27.639229,0.34614813,0.17345355,0.17860746,0.24355717,0.0073888516,0.00023335057,20.996033,0.093460694,0.040322315,0.48953035,99.89547471996536,60,True,"low fringe count; NN n error; refiner worsened parameter error; good spectrum, bad parameters"
126,synthetic,0.0,207.48053,1.5576569,0.008923218,159.63454,2.0589938,0.012438067,148.82477,2.161138,0.019466436,47.845993,0.50133693,0.0035148496,58.65576,0.6034812,0.010543218,0.19659889,0.2420829,0.017179837,0.007287125,28.69308,0.25864297,0.023620017,0.80795866,75.46728143124791,60,True,NN n error; refiner worsened parameter error
127,synthetic,0.0,92.08406,1.5476452,0.10072357,75.92072,1.9366044,0.19915552,72.56162,1.993449,0.24323861,16.163338,0.38895917,0.09843195,19.522438,0.44580376,0.14251503,0.19224405,0.24128397,0.011795721,0.00044047215,17.19367,0.09996038,0.03556274,0.35628363,99.84101238041308,60,True,"low fringe count; NN n error; refiner worsened parameter error; good spectrum, bad parameters"
128,synthetic,0.0,93.467255,1.4988331,0.13259615,78.983345,1.7330793,0.20564583,75.74045,1.8742874,0.30440676,14.48391,0.23424625,0.07304968,17.726807,0.3754543,0.17181061,0.13041635,0.23920889,0.009981252,0.0005648351,21.869547,0.10176469,0.025065763,0.35022953,99.6643349286839,60,True,"low fringe count; NN n error; refiner worsened parameter error; good spectrum, bad parameters"
129,synthetic,0.0,22.35026,2.4227302,0.056002554,40.22833,1.8376925,0.10049098,30.917984,1.7326639,0.11110576,17.878069,0.5850377,0.044488426,8.567724,0.69006634,0.05510321,0.21271892,0.23826851,0.066316985,0.0018023232,43.31736,0.13836925,0.09673122,0.13537163,99.91894120339532,60,True,"thin film; low fringe count; NN n error; good spectrum, bad parameters"
130,synthetic,0.0,217.62923,1.5494835,0.024552902,170.03502,2.0353281,0.039705884,160.42667,2.0987399,0.054355823,47.594208,0.4858446,0.0151529815,57.20256,0.5492563,0.02980292,0.1997648,0.23818988,0.018552082,0.003493544,16.60986,0.10032679,0.039246242,0.8430322,95.44138341585959,60,True,NN n error
131,synthetic,0.0,184.39742,1.3213725,0.18310659,168.57014,1.4959192,0.3059839,157.42854,1.5787644,0.38357523,15.8272705,0.17454672,0.122877315,26.968872,0.25739193,0.20046864,0.14859568,0.23614222,0.00514869,0.0022348198,11.055584,0.09653584,0.043164324,0.60914415,82.30101173071584,60,True,NN n error; refiner worsened parameter error
132,synthetic,0.0,102.69439,1.4971117,0.13407974,84.12757,1.8359902,0.23127778,81.4228,1.8947403,0.28434402,18.566818,0.3388785,0.09719804,21.271591,0.39762866,0.15026428,0.18027277,0.23507869,0.008908943,0.00047391563,15.058197,0.062466003,0.034227934,0.3843624,99.70402783404121,60,True,"low fringe count; NN n error; refiner worsened parameter error; good spectrum, bad parameters"
133,synthetic,0.0,117.947014,1.3953747,0.18153599,98.50824,1.6222123,0.3100396,96.637634,1.6923927,0.3734538,19.438774,0.22683764,0.12850362,21.30938,0.29701805,0.1919178,0.17102295,0.23494375,0.0077588647,0.00036026174,23.716373,0.17441137,0.06511402,0.41145068,99.76956434250958,60,True,"low fringe count; NN n error; refiner worsened parameter error; good spectrum, bad parameters"
134,synthetic,0.0,120.987465,1.6114635,0.020278784,100.333755,2.152846,0.05020873,91.84987,2.2001812,0.07630341,20.65371,0.54138255,0.029929945,29.137596,0.5887177,0.056024626,0.19407724,0.23437393,0.03237776,0.0054098372,33.959846,0.11646984,0.06422408,0.48741722,97.0412346794851,60,True,low fringe count; NN n error; refiner worsened parameter error
135,synthetic,0.0,143.4739,1.6121815,0.026189411,104.268364,2.1650975,0.051278498,105.800964,2.208567,0.06288915,39.205544,0.55291593,0.025089087,37.672943,0.59638536,0.036699742,0.21537764,0.23343132,0.016503848,0.0022158849,25.901453,0.16371003,0.043786973,0.57826495,97.64748351510055,60,True,NN n error
136,synthetic,0.0,108.50383,1.5331957,0.11864858,93.890396,1.8604715,0.22988322,87.316086,1.9310611,0.26333287,14.613434,0.32727575,0.11123464,21.187744,0.3978654,0.14468428,0.18186341,0.23132809,0.012227485,0.0008627027,23.829193,0.08467799,0.03270604,0.415894,99.48503529977089,60,True,"low fringe count; NN n error; refiner worsened parameter error; good spectrum, bad parameters"
137,synthetic,0.0,186.80415,1.304377,0.1989559,168.60957,1.4681072,0.33323252,161.45003,1.5239813,0.4107078,18.19458,0.16373026,0.13427663,25.354126,0.21960437,0.21175191,0.1559117,0.23131181,0.004682294,0.001701231,10.322369,0.115588225,0.038528953,0.60915756,86.18616106999531,60,True,"NN n error; refiner worsened parameter error; good spectrum, bad parameters"
138,synthetic,0.0,114.591644,2.4827566,0.010070348,164.42314,1.911171,0.0051287776,153.59747,1.8397529,0.0012256124,49.831497,0.57158566,0.0049415706,39.00583,0.6430037,0.008844736,0.21934576,0.2293429,0.06447789,0.009200618,37.03416,0.27597764,0.016736757,0.71125793,97.4576294034895,60,True,NN n error
139,synthetic,0.0,94.999794,1.4993489,0.1394572,84.50105,1.8034722,0.23942633,78.360176,1.8438654,0.3108983,10.498741,0.30412328,0.099969134,16.639618,0.34451652,0.17144111,0.16319229,0.2291191,0.022267055,0.0005659294,17.396223,0.05940678,0.04430329,0.35609457,99.92504354585353,60,True,"low fringe count; NN n error; refiner worsened parameter error; good spectrum, bad parameters"
140,synthetic,0.0,126.91294,1.3684732,0.19275093,105.32708,1.562138,0.32493842,105.152466,1.6344827,0.3879919,21.585861,0.19366479,0.13218749,21.760475,0.26600957,0.19524097,0.16673212,0.22906423,0.009777711,0.00044699587,17.255608,0.17061944,0.06380562,0.4341924,99.74733788696719,60,True,"low fringe count; NN n error; refiner worsened parameter error; good spectrum, bad parameters"
141,synthetic,0.0,166.3157,1.3936961,0.16833651,151.6911,1.5976782,0.2679292,139.70444,1.6878903,0.34266472,14.624603,0.20398211,0.099592686,26.611267,0.29419422,0.17432821,0.13986671,0.22852708,0.0066734035,0.0020096954,11.783049,0.09717645,0.03168769,0.57948387,87.68415861144456,60,True,NN n error; refiner worsened parameter error
142,synthetic,0.0,24.880476,2.4753673,0.069319665,44.02506,1.8800495,0.08919919,33.17688,1.7678705,0.10282863,19.144583,0.59531784,0.019879527,8.296404,0.70749676,0.033508964,0.20062435,0.22840226,0.083439134,0.0018948549,51.700977,0.10547779,0.10598082,0.1539708,99.94213456144145,60,True,"thin film; low fringe count; NN n error; good spectrum, bad parameters"
143,synthetic,0.0,74.201294,1.682488,0.0195589,65.19058,2.0044048,0.10654529,61.2216,2.131348,0.15261722,9.010712,0.32191682,0.08698639,12.979694,0.44885993,0.13305831,0.1577694,0.22830804,0.015212472,0.00096670794,20.765167,0.077776164,0.049795106,0.31210694,99.40794002794847,60,True,"low fringe count; NN n error; refiner worsened parameter error; good spectrum, bad parameters"
144,synthetic,0.0,208.01424,1.538809,0.005921365,160.38438,2.06734,0.005995578,149.8729,2.1096125,0.00943034,47.629852,0.52853096,7.4212905e-05,58.141342,0.5708035,0.0035089743,0.20161057,0.22772498,0.028440127,0.0108691575,33.97952,0.2867139,0.019820008,0.80023545,79.60678738335403,60,True,NN n error
145,synthetic,0.0,143.11438,1.38827,0.19029722,122.82371,1.6080946,0.3342333,117.267654,1.6714736,0.367977,20.290672,0.21982455,0.1439361,25.846725,0.2832036,0.17767978,0.18034239,0.22682972,0.0057733655,0.00018828537,16.592012,0.10085062,0.055839766,0.49670348,99.79212506900214,60,True,"low fringe count; NN n error; refiner worsened parameter error; good spectrum, bad parameters"
146,synthetic,0.0,132.4721,1.4718478,0.15552093,118.69904,1.7093313,0.27855647,106.504105,1.8213131,0.30467257,13.773064,0.2374835,0.123035535,25.968002,0.34946537,0.14915164,0.16382243,0.22635643,0.006186396,0.00026594743,19.019873,0.08365427,0.044730727,0.48744693,99.79974196705119,60,True,"low fringe count; NN n error; refiner worsened parameter error; good spectrum, bad parameters"
147,synthetic,0.0,116.521965,1.6345754,0.0074243755,97.043724,2.1177661,0.027424688,88.7109,2.2229354,0.051801432,19.478241,0.48319077,0.020000312,27.811066,0.5883601,0.044377055,0.16994198,0.22498478,0.021707444,0.0053977068,19.454918,0.097503066,0.05124475,0.4761598,92.38324076603077,60,True,low fringe count; NN n error; refiner worsened parameter error
148,synthetic,0.0,29.662825,2.479555,0.14016473,31.99234,1.8495892,0.07917761,34.16513,1.8891902,0.065623626,2.3295155,0.62996566,0.060987122,4.502306,0.5903647,0.07454111,0.21832614,0.21885931,0.018853143,0.0009098753,22.918373,0.1303452,0.05170269,0.18387648,99.55013349658546,60,True,"thin film; low fringe count; NN n error; good spectrum, bad parameters"
149,synthetic,0.0,140.96994,1.5815496,0.05304751,115.20955,2.0099394,0.119061716,109.540085,2.079658,0.118722565,25.760391,0.4283898,0.0660142,31.429855,0.4981084,0.06567505,0.19261627,0.21827306,0.006523518,0.0039531984,21.850542,0.1134345,0.044413183,0.5573774,65.85187320119456,60,True,NN n error
150,synthetic,0.0,167.23164,1.4846227,0.050311115,135.64276,1.9394999,0.1032959,128.17004,1.9836774,0.101981,31.588882,0.45487714,0.052984785,39.0616,0.49905467,0.051669884,0.197987,0.21797128,0.016265696,0.008357532,26.78704,0.27158216,0.04469274,0.62068975,76.6888579100894,60,True,NN n error
151,synthetic,0.0,49.785416,1.3285253,0.30470648,28.371616,1.8009728,0.3862086,34.046394,1.9038913,0.3608684,21.4138,0.4724475,0.08150211,15.739021,0.575366,0.05616191,0.2101837,0.21535599,0.03726522,0.001462558,17.140339,0.30718493,0.053485874,0.16535296,99.83451612697182,60,True,"thin film; low fringe count; NN n error; good spectrum, bad parameters"
152,synthetic,0.0,70.513725,1.6794589,0.020778438,57.348682,2.0061035,0.07783535,56.204174,2.167776,0.11383912,13.165043,0.32664466,0.05705691,14.309551,0.48831725,0.09306068,0.14390479,0.21413189,0.008686941,0.0005038623,19.53931,0.0969469,0.072255895,0.29606226,99.7273088133949,60,True,"low fringe count; NN n error; refiner worsened parameter error; good spectrum, bad parameters"
153,synthetic,0.0,48.380096,1.3071599,0.2970978,23.95306,1.7387183,0.38767937,31.982038,1.9024997,0.33793718,24.427036,0.43155837,0.090581566,16.398058,0.5953398,0.040839374,0.20834208,0.21144675,0.04701878,0.00196169,11.762701,0.279293,0.054185018,0.15810129,99.82682850415777,60,True,"thin film; low fringe count; NN n error; good spectrum, bad parameters"
154,synthetic,0.0,25.404203,2.4097621,0.17652717,33.93931,1.792603,0.13817796,31.653654,1.7675475,0.13784184,8.535105,0.6171591,0.03834921,6.2494507,0.64221466,0.038685337,0.2068097,0.21136646,0.014636662,0.0003131023,30.855495,0.14949198,0.08405642,0.1530452,99.91668337319918,60,True,"thin film; low fringe count; NN n error; good spectrum, bad parameters"
155,synthetic,0.0,11.176735,2.4398406,0.37507924,15.556267,1.7206391,0.36733246,14.872423,1.6968015,0.37423965,4.379532,0.71920145,0.007746786,3.6956882,0.743039,0.000839591,0.20997666,0.21120737,0.0016168709,3.722638e-05,7.624104,0.19617036,0.07625471,0.068173625,99.9409108029381,60,True,"thin film; low fringe count; NN n error; good spectrum, bad parameters"
156,synthetic,0.0,15.567744,2.3727167,0.01954756,23.44095,1.8301971,0.09485217,21.283335,1.7925146,0.08400719,7.873206,0.54251957,0.07530461,5.7155905,0.5802021,0.06445963,0.20995261,0.21070997,0.008994923,0.0011172438,26.239014,0.13963524,0.06643383,0.09234462,98.55061149702051,60,True,"thin film; low fringe count; NN n error; good spectrum, bad parameters"
157,synthetic,0.0,170.28575,1.3067747,0.21759444,156.31432,1.4471413,0.34554097,145.4967,1.5057791,0.40738508,13.971436,0.14036655,0.12794653,24.789047,0.19900441,0.18979064,0.14034753,0.21029925,0.0036935722,0.00070938916,15.026992,0.11432977,0.037247505,0.5563128,96.75498449880521,60,True,"NN n error; refiner worsened parameter error; good spectrum, bad parameters"
158,synthetic,0.0,130.3214,1.308192,0.21693219,113.23263,1.4579211,0.3354319,110.418365,1.5116384,0.4106079,17.088768,0.14972913,0.11849971,19.90303,0.20344639,0.19367571,0.1402335,0.20850706,0.0072451686,0.0003185042,12.70206,0.12526605,0.04582056,0.42621353,99.67910270529904,60,True,"low fringe count; NN n error; refiner worsened parameter error; good spectrum, bad parameters"
159,synthetic,0.0,11.253215,2.213692,0.2151341,23.262535,1.7844709,0.210191,16.986794,1.6198096,0.2680597,12.00932,0.42922103,0.0049431026,5.7335787,0.5938823,0.0529256,0.13632728,0.20684135,0.025258694,0.001090477,37.64297,0.2706457,0.07282794,0.06227788,99.81897427569982,60,True,"thin film; low fringe count; NN n error; refiner worsened parameter error; good spectrum, bad parameters"
160,synthetic,0.0,101.31524,1.6026086,0.09099889,91.90623,1.8928927,0.18768851,83.42182,1.9895301,0.20872277,9.409012,0.29028416,0.09668963,17.893417,0.38692153,0.11772388,0.1559092,0.20652795,0.014615064,0.0014601919,25.125967,0.07073617,0.07753438,0.40592167,98.8328060338707,60,True,"low fringe count; NN n error; refiner worsened parameter error; good spectrum, bad parameters"
161,synthetic,0.0,32.344463,2.40375,0.28803545,35.21271,1.8997533,0.199373,35.2381,1.9086357,0.1913316,2.868248,0.5039966,0.088662446,2.8936348,0.4951142,0.09670386,0.20240419,0.20532697,0.0022280829,0.0010476963,40.568275,0.2373534,0.080063716,0.19437,71.7127634336325,60,True,"thin film; low fringe count; NN n error; good spectrum, bad parameters"
162,synthetic,0.0,10.732324,2.2179422,0.115808055,18.943104,1.7625766,0.17962545,15.934477,1.6716945,0.18347673,8.21078,0.45536566,0.0638174,5.202153,0.5462477,0.06766868,0.17847307,0.20282741,0.009069744,0.0010074099,15.354957,0.19916825,0.080972865,0.059509184,98.9012961316846,60,True,"thin film; low fringe count; NN n error; good spectrum, bad parameters"
163,synthetic,0.0,78.99116,1.6180748,0.076801844,67.11998,1.9362156,0.12295165,63.46746,2.0433826,0.17668629,11.871178,0.31814086,0.046149805,15.523697,0.42530787,0.09988444,0.13278402,0.20257403,0.012820794,0.0004506138,15.766466,0.090350814,0.061360475,0.319534,99.83087069230399,60,True,"low fringe count; NN n error; refiner worsened parameter error; good spectrum, bad parameters"
164,synthetic,0.0,10.803561,2.1591973,0.20031466,22.218822,1.7080451,0.21296425,16.964148,1.580541,0.25172362,11.415261,0.4511522,0.012649596,6.1605864,0.5786563,0.05140896,0.1468741,0.20209165,0.018431462,0.0010102225,25.024855,0.1706036,0.071731746,0.05831755,99.69300555401716,60,True,"thin film; low fringe count; NN n error; refiner worsened parameter error; good spectrum, bad parameters"
165,synthetic,0.0,14.500566,2.2404237,0.026624471,23.905218,1.7884122,0.10599951,20.44568,1.7210898,0.10308076,9.404653,0.45201147,0.079375036,5.945115,0.51933384,0.076456286,0.18928538,0.20206372,0.014873214,0.0011908885,25.269373,0.17157243,0.06666605,0.081218526,99.36606961813094,60,True,"thin film; low fringe count; NN n error; good spectrum, bad parameters"
166,synthetic,0.0,25.969593,2.4438782,0.094954744,43.867607,1.8523936,0.08505931,34.085205,1.7527813,0.095923506,17.898014,0.59148455,0.0098954365,8.115612,0.6910969,0.00096876174,0.19147064,0.20194548,0.075259924,0.0012112547,57.568203,0.15815747,0.09646713,0.1586663,99.96572997541779,60,True,"thin film; low fringe count; NN n error; good spectrum, bad parameters"
167,synthetic,0.0,250.0279,1.5087891,0.04687767,205.48282,1.8150244,0.09618954,197.01611,1.9125279,0.088502385,44.545074,0.3062353,0.049311873,53.01178,0.40373886,0.041624714,0.16914117,0.20083256,0.01204916,0.0023944536,19.499743,0.13826245,0.049313664,0.94309837,95.18275656668239,60,True,NN n error
168,synthetic,0.0,11.025535,2.4015725,0.3122155,15.4801235,1.7234191,0.31007507,14.709536,1.6984131,0.3103164,4.454589,0.6781534,0.0021404326,3.684001,0.70315933,0.0018990934,0.1949231,0.20082259,0.001524423,5.3464024e-05,17.331352,0.2279961,0.08910856,0.06619655,99.87976257201576,60,True,"thin film; low fringe count; NN n error; good spectrum, bad parameters"
169,synthetic,0.0,22.507671,2.392917,0.25864753,32.033367,1.8032342,0.22428884,28.064703,1.7539872,0.2336297,9.525696,0.5896827,0.034358695,5.5570316,0.6389297,0.025017828,0.1976556,0.20054643,0.023258721,0.0002701635,46.578472,0.3814628,0.066276945,0.13464746,99.98348362767949,60,True,"thin film; low fringe count; NN n error; good spectrum, bad parameters"
170,synthetic,0.0,17.912748,2.3735843,0.22539388,30.572712,1.783663,0.2071708,24.098616,1.6865675,0.22906618,12.659964,0.58992124,0.018223077,6.1858673,0.6870167,0.0036723018,0.19056742,0.20039637,0.034413952,0.00053860334,43.208862,0.2994406,0.061004717,0.106293544,99.97386109197814,60,True,"thin film; low fringe count; NN n error; good spectrum, bad parameters"
171,synthetic,0.0,21.34476,2.4363966,0.14720072,28.156204,1.8253611,0.118362084,26.494017,1.8034656,0.11948187,6.8114433,0.61103547,0.028838634,5.1492558,0.632931,0.02771885,0.19678707,0.20021206,0.009542495,0.00014284454,23.559727,0.16678162,0.07765568,0.13001075,99.96511886569903,60,True,"thin film; low fringe count; NN n error; good spectrum, bad parameters"
172,synthetic,0.0,219.5955,1.6105869,0.008974212,174.86636,2.0362642,0.0053233877,167.92976,2.1032715,0.014608062,44.72914,0.4256773,0.0036508245,51.66574,0.4926846,0.0056338497,0.17209037,0.19999863,0.012638036,0.0072179986,16.491442,0.066032074,0.015427332,0.8841941,54.68163992750571,60,True,NN n error
173,synthetic,0.0,138.40392,1.5219427,0.0070637334,105.43441,1.9873573,0.004070387,108.94669,2.0587006,0.031522755,32.969505,0.46541452,0.0029933462,29.457222,0.5367578,0.024459021,0.16917336,0.19926429,0.028135631,0.015995378,22.422546,0.33250308,0.0072337324,0.5266071,68.66158922943373,60,True,NN n error
174,synthetic,0.0,174.97356,1.3569635,0.18137608,162.16211,1.5248327,0.28687698,152.05618,1.5968435,0.34052414,12.811447,0.16786921,0.10550089,22.917374,0.23987997,0.15914805,0.13169007,0.19907384,0.005270479,0.0027847611,16.144978,0.12073278,0.045856718,0.59358186,66.47957068572119,60,True,NN n error; refiner worsened parameter error
175,synthetic,0.0,12.59602,2.2361667,0.052840807,21.125326,1.800026,0.12458515,17.872631,1.7195532,0.12484309,8.529306,0.43614066,0.071744345,5.2766113,0.5166135,0.072002284,0.17878354,0.19757032,0.012281494,0.0010451514,28.731194,0.16186336,0.06941528,0.070416994,99.31595792844247,60,True,"thin film; low fringe count; NN n error; good spectrum, bad parameters"
176,synthetic,0.0,146.55632,1.4231462,0.19418672,132.68181,1.5677543,0.27659124,124.05717,1.6703186,0.3471109,13.874512,0.14460802,0.082404524,22.499153,0.24717236,0.15292418,0.11105296,0.19646953,0.0061735488,0.0005237471,18.580545,0.11564902,0.034201283,0.5214277,99.17643286879667,60,True,"NN n error; refiner worsened parameter error; good spectrum, bad parameters"
177,synthetic,0.0,88.614655,1.5673625,0.121487394,77.374435,1.8397745,0.19843335,74.04225,1.9020584,0.25022212,11.240219,0.27241194,0.07694596,14.572403,0.33469582,0.12873472,0.13988708,0.19554408,0.010443982,0.00042467614,20.272186,0.055393714,0.049776856,0.34722823,99.80233229265927,60,True,"low fringe count; NN n error; refiner worsened parameter error; good spectrum, bad parameters"
178,synthetic,0.0,15.730221,2.382213,0.38789737,20.588255,1.729358,0.37922975,19.986626,1.7215494,0.3779856,4.858034,0.65285516,0.008667618,4.256405,0.6606637,0.009911776,0.192711,0.19501798,0.0014913895,8.1325474e-05,13.556458,0.22950652,0.08183131,0.09368185,99.70239560560509,60,True,"thin film; low fringe count; NN n error; good spectrum, bad parameters"
179,synthetic,0.0,23.26884,2.4139102,0.22372852,30.048012,1.8335037,0.19233182,28.175615,1.8113825,0.19346376,6.779171,0.5804064,0.031396702,4.9067745,0.6025276,0.030264765,0.18994729,0.19318525,0.010757732,0.0002397018,24.433996,0.26313078,0.07150377,0.14042222,99.93690143117414,60,True,"thin film; low fringe count; NN n error; good spectrum, bad parameters"
180,synthetic,0.0,33.428135,2.4363933,0.21831019,39.714123,1.95636,0.14451726,36.701202,1.9377793,0.14194563,6.285988,0.48003328,0.073792934,3.2730675,0.49861395,0.07636456,0.18976314,0.19317572,0.02164381,0.0018894208,15.5825815,0.23026864,0.07192598,0.20361021,98.8360003898555,60,True,"thin film; low fringe count; NN n error; good spectrum, bad parameters"
181,synthetic,0.0,10.530246,2.3288753,0.24742553,15.833834,1.7162745,0.25756645,14.516287,1.6718864,0.25288224,5.303588,0.6126008,0.010140926,3.986041,0.65698886,0.005456716,0.18302359,0.19071637,0.0025486602,0.00022283256,16.162016,0.19924515,0.09104199,0.061309073,99.37580267069474,60,True,"thin film; low fringe count; NN n error; good spectrum, bad parameters"
182,synthetic,0.0,150.22163,1.6182498,0.0039304346,119.41891,2.137461,0.0035079864,113.9324,2.153439,0.0034630885,30.802727,0.5192112,0.00042244815,36.28923,0.5351893,0.00046734605,0.17991239,0.19068702,0.02295563,0.0055768695,24.345411,0.18046467,0.015748782,0.6077403,93.1636074293309,60,True,NN n error
183,synthetic,0.0,26.543755,2.3748336,0.19866894,26.434223,1.8058211,0.15292045,30.12842,1.8753724,0.1275187,0.1095314,0.5690125,0.045748487,3.5846653,0.49946117,0.07115024,0.18868391,0.190293,0.025924088,0.0006855344,17.457441,0.12275606,0.10549319,0.15759249,99.92412519811634,60,True,"thin film; low fringe count; NN n error; good spectrum, bad parameters"
184,synthetic,0.0,128.20265,1.4463357,0.18594666,111.36457,1.6751951,0.28356698,107.7077,1.7084129,0.32571134,16.838081,0.22885942,0.09762032,20.49495,0.2620772,0.13976468,0.1480064,0.18953307,0.0058922227,0.00017094518,15.896086,0.08966244,0.04847222,0.46356016,99.89962314080351,60,True,"low fringe count; NN n error; refiner worsened parameter error; good spectrum, bad parameters"
185,synthetic,0.0,27.10675,2.4551096,0.04264628,39.178204,1.897559,0.060001835,34.026936,1.8468411,0.06019691,12.071453,0.55755055,0.017355554,6.920185,0.6082685,0.017550629,0.18032075,0.18861812,0.038639087,0.0018431869,22.32258,0.105059616,0.065146774,0.1663751,99.75558801194082,60,True,"thin film; low fringe count; NN n error; good spectrum, bad parameters"
186,synthetic,0.0,35.45259,2.4267669,0.19753353,41.174046,1.9515574,0.13393618,38.73207,1.9461904,0.1219343,5.7214546,0.47520947,0.06359735,3.27948,0.48057652,0.07559923,0.18097724,0.18766248,0.015275905,0.0028853277,25.985056,0.2282596,0.043890692,0.21508792,95.0949111833824,60,True,thin film; low fringe count; NN n error
187,synthetic,0.0,121.133965,1.4313825,0.19310594,100.28949,1.5990335,0.27342874,102.42743,1.6782962,0.33658373,20.844475,0.16765094,0.0803228,18.706535,0.24691367,0.1434778,0.12407741,0.18574075,0.014689514,0.00022826671,12.242589,0.097261004,0.045503795,0.43347257,99.96041681367143,60,True,"low fringe count; NN n error; refiner worsened parameter error; good spectrum, bad parameters"
188,synthetic,0.0,13.122812,2.20149,0.15835443,23.13132,1.7782028,0.18916917,18.510876,1.6740111,0.2063942,10.008509,0.42328715,0.030814737,5.3880634,0.5274788,0.048039764,0.14962696,0.18474157,0.018489346,0.00091017515,23.767982,0.19539998,0.07409172,0.07222434,99.75222762242886,60,True,"thin film; low fringe count; NN n error; refiner worsened parameter error; good spectrum, bad parameters"
189,synthetic,0.0,18.079191,2.3510966,0.16152705,27.38542,1.7934288,0.1715905,23.766,1.7381026,0.17277284,9.306229,0.55766785,0.0100634545,5.6868095,0.6129941,0.011245787,0.17231353,0.18430988,0.017870007,0.0005576648,35.272755,0.22146241,0.09974229,0.10626481,99.88885513731917,60,True,"thin film; low fringe count; NN n error; good spectrum, bad parameters"
190,synthetic,0.0,21.360218,2.173394,0.03404923,42.247417,1.8860613,0.08132152,28.453527,1.7186366,0.10835773,20.8872,0.28733265,0.04727229,7.0933094,0.45475733,0.0743085,0.13533776,0.18401371,0.10148614,0.0016726055,75.24462,0.2019765,0.119438834,0.11606041,99.97026993265436,60,True,"thin film; low fringe count; NN n error; refiner worsened parameter error; good spectrum, bad parameters"
191,synthetic,0.0,15.428791,2.005714,0.022711279,30.410835,1.8447001,0.122866325,21.560856,1.6863942,0.1549667,14.982044,0.16101384,0.10015505,6.132065,0.31931973,0.13225542,0.12871684,0.18391855,0.04923895,0.0020430568,41.843105,0.13040261,0.0669311,0.077364355,99.81893131392614,60,True,thin film; low fringe count; NN n error; refiner worsened parameter error
192,synthetic,0.0,163.08913,1.4230955,0.16617884,149.04309,1.6178396,0.25283685,141.34497,1.6767213,0.2971509,14.046036,0.19474411,0.086658016,21.744156,0.25362587,0.13097207,0.12801246,0.18275963,0.0060608946,0.002787603,14.121133,0.095366895,0.031573325,0.5802285,71.38703341608836,60,True,NN n error; refiner worsened parameter error
193,synthetic,0.0,10.765422,2.323985,0.23621002,16.094769,1.7489767,0.22783047,14.55963,1.6902821,0.23875344,5.3293467,0.5750084,0.008379549,3.7942085,0.633703,0.0025434196,0.1714366,0.18208538,0.00442696,0.00016034872,11.797995,0.1709262,0.07268158,0.0625467,99.8636197314983,60,True,"thin film; low fringe count; NN n error; good spectrum, bad parameters"
194,synthetic,0.0,259.59262,1.4246652,0.06295628,216.8751,1.6749798,0.09299128,209.18248,1.7601813,0.109108046,42.717514,0.2503146,0.030034997,50.41014,0.3355161,0.046151765,0.13865574,0.18190944,0.009044504,0.0041672853,19.660788,0.09385537,0.03454034,0.9245814,74.01260204206478,60,True,NN n error; refiner worsened parameter error
195,synthetic,0.0,39.282948,2.4650116,0.10864922,52.826614,1.9122518,0.09511731,46.15669,1.8685712,0.09623841,13.543667,0.55275977,0.013531908,6.873741,0.59644043,0.012410805,0.17813309,0.18185262,0.04948996,0.008026901,26.029547,0.3232881,0.050384045,0.2420823,96.14762173861645,60,True,thin film; low fringe count; NN n error
196,synthetic,0.0,269.2983,1.6154146,0.026620818,222.33774,1.9640222,0.037384488,217.07661,2.0046172,0.046769645,46.96057,0.34860754,0.010763669,52.221695,0.3892026,0.020148827,0.15798888,0.1815693,0.007613578,0.003584177,23.94077,0.116399355,0.051398706,1.087571,72.66333973963783,60,True,NN n error
197,synthetic,0.0,167.43657,1.4982996,0.06607495,143.01349,1.8411332,0.13600843,135.41266,1.8910197,0.11863367,24.42308,0.34283364,0.069933474,32.02391,0.3927201,0.05255872,0.16992639,0.18093716,0.011647096,0.0067141457,14.265486,0.18839735,0.048433278,0.62717533,79.22972813616713,60,True,NN n error
198,synthetic,0.0,12.999582,2.3131888,0.2382006,19.899137,1.771604,0.24368249,17.396055,1.7101591,0.25018317,6.899555,0.54158485,0.005481884,4.396473,0.6030297,0.01198256,0.16202535,0.18055004,0.008153037,0.00037157984,18.88028,0.1750399,0.052003548,0.07517622,99.79335631304895,60,True,"thin film; low fringe count; NN n error; good spectrum, bad parameters"
199,synthetic,0.0,32.97909,1.388553,0.22432415,23.235325,1.8649765,0.25886637,23.704481,1.8679566,0.27930918,9.743767,0.4764235,0.034542218,9.2746105,0.47940361,0.05498503,0.16656773,0.18048482,0.00053100823,9.938642e-05,23.208557,0.31135488,0.05299127,0.114483036,96.3401378609104,60,True,"thin film; low fringe count; NN n error; good spectrum, bad parameters"
200,synthetic,0.0,26.170607,2.3317633,0.12726134,38.52056,1.8465962,0.09027595,32.336197,1.7784634,0.098414354,12.349955,0.48516703,0.03698539,6.1655903,0.5532999,0.028846987,0.1736209,0.18001263,0.04542457,0.0002985821,35.498386,0.14815764,0.09812193,0.15255915,99.99390634896199,60,True,"thin film; low fringe count; NN n error; good spectrum, bad parameters"
201,synthetic,0.0,30.785622,2.3659813,0.2696132,29.244291,1.8611652,0.2147296,33.269608,1.9345286,0.18410642,1.5413303,0.5048162,0.0548836,2.483986,0.43145275,0.08550678,0.17858744,0.17970765,0.03184836,0.0007952824,23.274406,0.2311543,0.046394315,0.1820955,99.92862673249711,60,True,"thin film; low fringe count; NN n error; good spectrum, bad parameters"
202,synthetic,0.0,114.00295,1.5402201,0.1474878,101.816536,1.7429107,0.20689924,96.09073,1.8342668,0.2628288,12.186417,0.2026906,0.059411436,17.912224,0.29404664,0.11534099,0.10991794,0.17916238,0.0068034916,0.00041901934,24.741165,0.06730656,0.040541787,0.4389741,99.4775254542976,60,True,"low fringe count; NN n error; refiner worsened parameter error; good spectrum, bad parameters"
203,synthetic,0.0,145.16629,1.5401496,0.08551033,126.534706,1.8448639,0.15138006,121.18183,1.8997064,0.16077337,18.631584,0.30471432,0.06586973,23.984459,0.3595568,0.07526304,0.14997163,0.17762057,0.007835464,0.005653568,15.440336,0.14800902,0.05243629,0.5589445,42.559411566334006,60,True,NN n error
204,synthetic,0.0,11.249317,2.3071492,0.2965435,16.945454,1.7484651,0.28569123,15.060105,1.6859447,0.29749623,5.6961365,0.5586841,0.010852277,3.8107882,0.6212045,0.00095272064,0.16897215,0.17757218,0.005063979,0.00016686664,12.431279,0.29091084,0.08302305,0.06488463,99.89036502019091,60,True,"thin film; low fringe count; NN n error; good spectrum, bad parameters"
205,synthetic,0.0,16.738537,2.341084,0.0965069,24.980726,1.8407016,0.12091358,21.79322,1.7850139,0.12071574,8.242189,0.5003824,0.024406679,5.0546837,0.5560701,0.024208836,0.16474001,0.17641312,0.015567758,0.0006057118,28.852055,0.19633415,0.09669673,0.0979658,99.82501954274916,60,True,"thin film; low fringe count; NN n error; good spectrum, bad parameters"
206,synthetic,0.0,113.66094,1.5835936,0.12778737,104.27607,1.7808977,0.19502875,95.43651,1.8976586,0.23006399,9.384872,0.19730413,0.067241386,18.224434,0.31406498,0.10227662,0.1104215,0.1763723,0.0068511744,0.00070487143,23.702127,0.079847306,0.04225175,0.44998184,98.917248507536,60,True,"low fringe count; NN n error; refiner worsened parameter error; good spectrum, bad parameters"
207,synthetic,0.0,31.58495,2.33833,0.026971053,43.825623,1.8958032,0.07819978,39.074875,1.8557677,0.077073224,12.240673,0.44252682,0.05122873,7.4899254,0.4825623,0.05010217,0.17114633,0.17605563,0.036918577,0.0025138503,35.99844,0.164015,0.088782966,0.18464008,99.45962718899315,60,True,thin film; low fringe count; NN n error
208,synthetic,0.0,47.578457,2.2512264,0.1251931,57.259495,1.8568579,0.16892307,55.010525,2.0111694,0.27583614,9.681038,0.39436853,0.04372996,7.432068,0.24005699,0.15064304,0.14982775,0.1756538,0.011159041,0.0028169435,23.961048,0.20744677,0.060686745,0.2677747,94.06804821649978,60,True,thin film; low fringe count; NN n error
209,synthetic,0.0,18.161102,2.363196,0.16780585,24.565125,1.8035592,0.1602343,22.872463,1.7768375,0.15893723,6.404022,0.5596367,0.007571548,4.711361,0.5863584,0.00886862,0.1678633,0.17420511,0.007682078,0.00017625526,24.631096,0.19947568,0.076552376,0.1072956,99.94707036074372,60,True,"thin film; low fringe count; NN n error; good spectrum, bad parameters"
210,synthetic,0.0,31.951681,2.4128406,0.07317036,44.252823,1.8859705,0.06303718,39.026184,1.8403975,0.06258674,12.301142,0.52687013,0.010133177,7.074503,0.5724431,0.010583617,0.16724749,0.17419933,0.041340064,0.0022362904,19.624565,0.20225438,0.03846735,0.19273578,99.61544659647585,60,True,thin film; low fringe count; NN n error
211,synthetic,0.0,25.061047,2.2114227,0.024150107,39.0265,1.8630203,0.09227972,31.989893,1.7867597,0.09613926,13.965454,0.34840238,0.068129614,6.9288464,0.42466295,0.07198915,0.15825042,0.17391889,0.05083701,0.001821363,38.02352,0.09208806,0.10055134,0.13855141,99.86065508521743,60,True,"thin film; low fringe count; NN n error; good spectrum, bad parameters"
212,synthetic,0.0,48.9282,2.1191316,0.03963614,64.731064,1.7681669,0.12462626,61.260685,1.736105,0.11860831,15.802864,0.35096467,0.084990114,12.332485,0.3830266,0.078972176,0.17231447,0.17321967,0.023004346,0.0019955242,23.752975,0.1759453,0.085091084,0.25921324,98.85868699164472,60,True,"thin film; low fringe count; NN n error; good spectrum, bad parameters"
213,synthetic,0.0,145.69832,1.3390579,0.22645132,137.61768,1.477243,0.33292678,128.64767,1.50426,0.38799378,8.080643,0.13818502,0.10647546,17.050644,0.16520202,0.16154246,0.11865646,0.17318286,0.009553655,0.0008851481,21.118862,0.10025031,0.055960372,0.48774618,99.02880973037284,60,True,"low fringe count; NN n error; refiner worsened parameter error; good spectrum, bad parameters"
214,synthetic,0.0,10.889038,2.301196,0.29147965,15.987327,1.758198,0.30172694,14.529486,1.708791,0.29792422,5.0982885,0.5429981,0.01024729,3.6404476,0.5924051,0.0064445734,0.16352442,0.17303777,0.0029016007,0.00022506296,9.14583,0.18010643,0.10121694,0.06264453,99.44351087020928,60,True,"thin film; low fringe count; NN n error; good spectrum, bad parameters"
215,synthetic,0.0,101.9409,1.4575771,0.18742818,90.33005,1.6563319,0.25623184,87.264725,1.6977859,0.321376,11.610855,0.19875479,0.06880367,14.676178,0.24020875,0.13394782,0.11442459,0.17289238,0.008975916,0.00039060667,14.601568,0.12762524,0.039058466,0.37146682,99.76211636528959,60,True,"low fringe count; NN n error; refiner worsened parameter error; good spectrum, bad parameters"
216,synthetic,0.0,293.59735,1.6556402,0.010865761,244.27061,2.040091,0.019652225,238.50864,2.0356014,0.016203117,49.326736,0.3844508,0.008786464,55.088715,0.37996113,0.0053373557,0.16934693,0.17242336,0.030857898,0.0076545584,25.014568,0.1457524,0.03794231,1.2152289,92.37466231896161,60,True,NN n error
217,synthetic,0.0,67.71303,1.5171113,0.03276704,51.9973,1.8985908,0.09749516,48.988327,1.9192882,0.09044465,15.715729,0.3814795,0.064728126,18.7247,0.40217686,0.057677608,0.16718267,0.17169017,0.014357299,0.01005106,24.132833,0.22334008,0.046012413,0.2568205,56.33403489610194,60,True,low fringe count; NN n error
218,synthetic,0.0,54.086266,2.0842173,0.13567908,60.490925,1.7132832,0.22393449,65.0918,1.765485,0.24068946,6.4046593,0.37093413,0.088255405,11.005531,0.31873226,0.105010375,0.16923587,0.17119367,0.030348677,0.0034860075,17.265703,0.13688649,0.047082614,0.28181884,97.709246643141,60,True,low fringe count; NN n error
219,synthetic,0.0,91.66485,1.4240408,0.18281057,80.85627,1.5773052,0.25528106,81.14501,1.6023476,0.3464579,10.8085785,0.1532644,0.072470486,10.519836,0.17830682,0.16364732,0.10331076,0.17071967,0.005188946,0.0024795434,17.93711,0.11854645,0.041533694,0.3263362,78.91167132641093,60,True,low fringe count; NN n error; refiner worsened parameter error
220,synthetic,0.0,49.447365,2.2737527,0.11324343,59.428574,1.9391296,0.19904228,56.623463,2.097685,0.28293976,9.981209,0.3346231,0.085798845,7.176098,0.17606759,0.16969633,0.16162275,0.17028694,0.015823869,0.0010170564,20.61243,0.17098536,0.04780862,0.28107768,99.45703292492875,60,True,"thin film; low fringe count; NN n error; good spectrum, bad parameters"
221,synthetic,0.0,251.49126,1.5005785,0.05153227,212.32547,1.7613547,0.0974548,205.18768,1.8364849,0.08684503,39.165787,0.26077616,0.045922533,46.303574,0.3359064,0.035312764,0.14807098,0.17007166,0.012649018,0.0034803087,21.454153,0.11377344,0.0474735,0.94345593,88.47965686301458,60,True,NN n error
222,synthetic,0.0,15.159248,2.3088036,0.31801972,22.638052,1.8038731,0.32250184,19.513954,1.744193,0.33009183,7.4788036,0.5049305,0.0044821203,4.354706,0.5646106,0.012072116,0.15184288,0.16988976,0.011111626,0.0004581918,30.565054,0.24456681,0.09189189,0.08749931,99.82757103326374,60,True,"thin film; low fringe count; NN n error; good spectrum, bad parameters"
223,synthetic,0.0,68.153915,1.3712361,0.13276194,42.473915,1.8264213,0.142452,44.706642,1.8585494,0.12244556,25.68,0.45518517,0.009690061,23.447273,0.48731327,0.010316379,0.1624176,0.16919327,0.022483619,0.002854858,18.692114,0.16230586,0.055689976,0.23363777,97.3200804547039,60,True,low fringe count; NN n error
224,synthetic,0.0,72.000175,1.633988,0.054972984,65.24838,1.8451091,0.11504523,61.692333,1.9160957,0.17276974,6.751793,0.21112108,0.060072243,10.307842,0.2821077,0.11779676,0.10645359,0.16874252,0.016242336,0.00532206,28.425663,0.19705427,0.06240037,0.29411855,79.82846753709613,60,True,low fringe count; NN n error; refiner worsened parameter error
225,synthetic,0.0,19.440058,2.3777997,0.2145789,27.79106,1.8592547,0.20024523,24.071167,1.8031176,0.21051997,8.351002,0.51854503,0.014333665,4.631109,0.5746821,0.0040589273,0.16319491,0.16766298,0.020087177,0.0003320542,34.350193,0.24765961,0.06391805,0.1155614,99.97216554925001,60,True,"thin film; low fringe count; NN n error; good spectrum, bad parameters"
226,synthetic,0.0,28.611021,1.3078122,0.34457597,19.943583,1.6911707,0.41013557,21.125788,1.7144244,0.41323864,8.6674385,0.38335848,0.065559596,7.4852333,0.40661216,0.06866267,0.16015743,0.16732664,0.0029693253,0.00017535508,11.299591,0.2446478,0.079016976,0.0935446,99.5800259905442,60,True,"thin film; low fringe count; NN n error; good spectrum, bad parameters"
227,synthetic,0.0,18.037352,2.069698,0.024769146,31.97767,1.852112,0.101385824,23.810202,1.7230564,0.12112984,13.940319,0.21758604,0.076616675,5.77285,0.34664166,0.0963607,0.1275417,0.16716528,0.049014103,0.001708853,45.490257,0.15120791,0.08207344,0.093329675,99.87292857550909,60,True,"thin film; low fringe count; NN n error; refiner worsened parameter error; good spectrum, bad parameters"
228,synthetic,0.0,90.04201,1.6978973,0.032834556,81.80902,1.9872504,0.05369985,72.8057,2.125667,0.07559654,8.232986,0.28935313,0.020865295,17.236305,0.42776978,0.042761985,0.10374927,0.16714478,0.022310413,0.0019605353,20.524185,0.12166274,0.050614927,0.3822052,99.04444997071154,60,True,"low fringe count; NN n error; refiner worsened parameter error; good spectrum, bad parameters"
229,synthetic,0.0,27.507074,2.2565036,0.15642287,36.790775,1.8141762,0.11166763,33.08787,1.7746919,0.116394095,9.283701,0.44232738,0.044755235,5.580797,0.48181164,0.040028773,0.16337647,0.16693711,0.026215976,0.0002447573,31.175222,0.1262449,0.08469015,0.15517452,99.99005950609282,60,True,"thin film; low fringe count; NN n error; good spectrum, bad parameters"
230,synthetic,0.0,164.80992,1.470872,0.07229628,141.18494,1.7997618,0.14219199,136.46158,1.8264601,0.12456208,23.624985,0.32888973,0.069895715,28.348343,0.35558808,0.0522658,0.16511054,0.16620262,0.010773894,0.008728328,20.730145,0.17276286,0.042941988,0.60603577,52.10162294384541,60,True,NN n error
231,synthetic,0.0,43.25212,2.2824259,0.13489266,49.825497,1.7986288,0.1332332,50.95475,1.8012505,0.10008646,6.5733757,0.48379707,0.0016594529,7.702629,0.48117542,0.0348062,0.14304997,0.16571756,0.012801281,0.0053745015,47.971283,0.16883498,0.07020778,0.2467994,73.39015726944665,60,True,thin film; low fringe count; NN n error
232,synthetic,0.0,11.924159,2.1529334,0.12527844,19.133764,1.761381,0.17550237,16.558662,1.6908395,0.17308693,7.209605,0.39155233,0.05022393,4.6345034,0.46209383,0.047808483,0.15053405,0.16555873,0.008020195,0.0007443945,21.596193,0.2821415,0.06935186,0.06417979,99.1568156417882,60,True,"thin film; low fringe count; NN n error; good spectrum, bad parameters"
233,synthetic,0.0,116.0159,2.38481,0.008463855,154.13287,1.9702487,0.0059028645,143.80869,1.920677,0.0020148412,38.116974,0.41456127,0.0025609904,27.792786,0.46413302,0.006449014,0.16067584,0.16517091,0.060046293,0.006556133,18.656885,0.18019176,0.018888354,0.69168967,98.43364506065735,60,True,NN n error
234,synthetic,0.0,17.421164,2.1944063,0.064149246,27.921314,1.8562788,0.11621006,22.670502,1.7672467,0.124621116,10.500151,0.3381275,0.052060813,5.249338,0.42715955,0.06047187,0.14070065,0.16500372,0.028441964,0.0011708498,26.44327,0.21173844,0.088734515,0.09557278,99.8266622516175,60,True,"thin film; low fringe count; NN n error; good spectrum, bad parameters"
235,synthetic,0.0,43.7207,1.4232534,0.2945751,23.865402,1.7778621,0.33783802,31.034534,1.9319181,0.2821937,19.855297,0.35460865,0.04326293,12.686165,0.5086647,0.012381405,0.15016653,0.16413182,0.044990603,0.002258762,13.714845,0.31871703,0.07516848,0.15556408,99.74483815512704,60,True,thin film; low fringe count; NN n error
236,synthetic,0.0,86.91268,1.3771397,0.35277474,67.81604,1.5809243,0.23287895,70.8694,1.5874993,0.22213212,19.096642,0.20378458,0.119895786,16.043282,0.21035957,0.13064262,0.15848751,0.16396885,0.01593203,0.0014857728,18.432337,0.14875744,0.039504178,0.29922724,98.80622945176187,60,True,"low fringe count; NN n error; good spectrum, bad parameters"
237,synthetic,0.0,162.81212,1.4661714,0.13037714,144.2353,1.7039167,0.22005683,140.49529,1.7431275,0.22204073,18.576813,0.23774529,0.08967969,22.316833,0.27695608,0.091663584,0.14717947,0.16369283,0.0053970083,0.0043533514,14.434867,0.107506156,0.03587555,0.5967761,45.0400502596026,60,True,NN n error
238,synthetic,0.0,134.27434,1.5786973,0.10747488,121.22038,1.8265976,0.17382057,114.4164,1.8859229,0.19003288,13.053955,0.24790025,0.06634569,19.85794,0.30722558,0.082558006,0.12809618,0.16320433,0.007830544,0.002767101,20.927769,0.09667567,0.03896638,0.5299463,83.52947288085873,60,True,NN n error; refiner worsened parameter error
239,synthetic,0.0,31.34211,1.3447554,0.28460157,20.926575,1.7209964,0.34507003,22.831448,1.7708659,0.3364032,10.415535,0.37624097,0.060468465,8.510662,0.4261105,0.051801622,0.15679558,0.16268082,0.0075517315,0.00041518136,11.194626,0.26990193,0.061528526,0.10536868,99.7281458706844,60,True,"thin film; low fringe count; NN n error; good spectrum, bad parameters"
240,synthetic,0.0,44.417458,2.1876397,0.01588902,59.627922,1.8375698,0.079173364,54.565937,1.7954935,0.077998385,15.2104645,0.35006988,0.063284345,10.148479,0.39214623,0.062109366,0.15691449,0.16200067,0.035341047,0.0026248866,35.46197,0.11829791,0.06818897,0.24292348,99.24647685564632,60,True,thin film; low fringe count; NN n error
241,synthetic,0.0,12.046392,2.235147,0.28286907,15.852798,1.7047957,0.27405307,15.4202585,1.693032,0.2730843,3.806406,0.5303513,0.008816004,3.373866,0.542115,0.009784758,0.15757231,0.16098867,0.000877787,2.7175098e-05,12.636648,0.22356166,0.09209346,0.06731364,99.87336403070036,60,True,"thin film; low fringe count; NN n error; good spectrum, bad parameters"
242,synthetic,0.0,78.3092,1.3599434,0.1307067,47.955723,1.7594618,0.14222679,51.932198,1.7911938,0.11447344,30.353474,0.39951837,0.011520088,26.376999,0.43125045,0.016233258,0.15354644,0.16093235,0.034508727,0.0064429357,28.504635,0.22852014,0.07564998,0.26624018,94.84485817510509,60,True,low fringe count; NN n error
243,synthetic,0.0,19.40119,2.25307,0.20675781,31.09815,1.8497773,0.20834514,24.661272,1.7549644,0.22980559,11.69696,0.40329278,0.0015873313,5.2600822,0.49810576,0.023047775,0.12652877,0.15977396,0.0369799,0.00084559515,26.10684,0.2345773,0.06742656,0.1092806,99.94379597630727,60,True,"thin film; low fringe count; NN n error; refiner worsened parameter error; good spectrum, bad parameters"
244,synthetic,0.0,51.475136,2.0234785,0.010194154,67.719734,1.7556057,0.098569274,63.11226,1.7282338,0.10661827,16.244598,0.2678728,0.08837512,11.637123,0.2952447,0.09642412,0.15199782,0.15967116,0.0268422,0.0007539115,25.671755,0.20136866,0.0876842,0.26039708,99.89780391346447,60,True,"low fringe count; NN n error; good spectrum, bad parameters"
245,synthetic,0.0,136.00194,1.4458576,0.20319742,130.16089,1.5452607,0.28943038,119.15,1.6464205,0.33004633,5.841049,0.09940302,0.08623296,16.851936,0.20056283,0.1268489,0.091814436,0.15964787,0.0044575552,0.0005408403,19.737553,0.12784915,0.052102417,0.49159858,98.41427253353147,60,True,"low fringe count; refiner worsened parameter error; good spectrum, bad parameters"
246,synthetic,0.0,257.7368,1.396702,0.073400505,218.10495,1.6174052,0.109986305,213.37807,1.6784806,0.11757886,39.631836,0.22070312,0.0365858,44.35872,0.28177857,0.04417835,0.1312508,0.15871109,0.008372671,0.004038169,25.013493,0.14949903,0.033189252,0.8999537,73.0897947773997,60,True,NN n error; refiner worsened parameter error
247,synthetic,0.0,156.72176,1.4618781,0.16698663,141.56589,1.653257,0.2404606,137.91504,1.691188,0.27640116,15.155869,0.19137895,0.073473975,18.806717,0.22930992,0.10941453,0.119564004,0.15825714,0.0047190012,0.002366403,10.746751,0.10205888,0.025995983,0.57277024,69.7976765548346,60,True,NN n error; refiner worsened parameter error
248,synthetic,0.0,86.24165,1.354081,0.39861944,62.333054,1.5707847,0.29957005,68.9178,1.5990201,0.2937122,23.9086,0.21670365,0.09904939,17.323853,0.24493909,0.104907244,0.15370953,0.15788926,0.03946374,0.0018499546,20.340778,0.122453965,0.047323275,0.29194546,99.63674607643375,60,True,"low fringe count; NN n error; good spectrum, bad parameters"
249,synthetic,0.0,270.84286,1.6569453,0.011979034,219.08862,1.9741448,0.017723443,222.85925,2.0124767,0.017311558,51.754242,0.31719947,0.005744409,47.983612,0.35553133,0.005332524,0.15142821,0.15746729,0.035820592,0.0069246846,22.535748,0.06955197,0.025351249,1.1219295,94.92463138410376,60,True,NN n error
250,synthetic,0.0,185.4113,1.3269305,0.21105175,170.25502,1.4474965,0.3114732,167.92462,1.4899124,0.34918568,15.1562805,0.12056601,0.10042144,17.48668,0.16298187,0.13813393,0.11785919,0.15746166,0.0055283005,0.0018700999,14.258846,0.07473183,0.036632232,0.61506975,84.28562857352489,60,True,"NN n error; refiner worsened parameter error; good spectrum, bad parameters"
